RANK,COMPANY,HQ CITY,HQ STATE,INDUSTRY,RANK IN INDUSTRY,SCORE OVERALL,SCORE ENVIRONMENTAL CONCERNS,SCORE SOCIAL CONCERNS,SCORE CORPORATE GOVERNANCE CONCERNS
1,Merck & Co,Rahway,New Jersey,Health Care & Life Sciences,1,91.98,91.41,84.61,100
2,Xylem,Washington,District of Columbia,Capital Goods,1,91.27,95.42,88.88,89.61
3,HP,Palo Alto,California,Technology Hardware,1,90.29,98.89,90.07,82.01
4,Cisco Systems,San Jose,California,Technology Hardware,2,90.03,98.6,84.15,87.46
5,Hewlett Packard Enterprise,Spring,Texas,Technology Hardware,3,88.37,94.55,81.48,89.16
6,Regency Centers,Jacksonville,Florida,Real Estate & Housing,1,88.22,86.69,90.53,87.52
7,Applied Materials,Santa Clara,California,Technology Hardware,4,88.13,95.19,87.32,81.98
8,Hasbro,Pawtucket,Rhode Island,Consumer Goods,1,88.03,94.03,89.99,80.17
9,Illumina,San Diego,California,Health Care & Life Sciences,2,87.74,92.86,97.91,72.54
*,Mastercard,Purchase,New York,Financial,*,87.65,98.39,75.02,89.63
10,Regeneron Pharmaceuticals,Tarrytown,New York,Health Care & Life Sciences,3,87.43,90.04,86.33,86.02
11,Cadence Design Systems,San Jose,California,Software & Telecommunications,1,87.39,84.5,87.91,89.84
12,General Mills,Minneapolis,Minnesota,Consumer Goods,2,86.8,98.16,81.61,80.73
13,QUALCOMM,San Diego,California,Technology Hardware,5,86.71,87,79.13,94.07
14,Juniper Networks,Sunnyvale,California,Technology Hardware,6,86.49,85.57,76.81,97.18
15,AbbVie,North Chicago,Illinois,Health Care & Life Sciences,4,86.4,96.15,83.53,79.62
16,Ciena,Hanover,Maryland,Technology Hardware,7,86.35,83.16,91.29,84.67
17,Agilent Technologies,Santa Clara,California,Health Care & Life Sciences,5,86.2,95.07,77.58,86.06
18,Keysight Technologies,Santa Rosa,California,Software & Telecommunications,2,86.15,84.3,78.38,95.87
19,Edgewell Personal Care,Shelton,Connecticut,Consumer Goods,3,86.13,93.4,73.89,91.21
20,Williams Companies,Tulsa,Oklahoma,Energy & Utilities,1,86.13,88.52,92.73,77.22
21,Clorox,Oakland,California,Consumer Goods,4,85.84,98.91,80.49,78.24
22,Unum,Chattanooga,Tennessee,Financial,1,85.82,83.56,86.62,87.37
23,Tapestry,New York,New York,Consumer Goods,5,85.78,92.22,81.89,83.33
24,American Tower,Boston,Massachusetts,Software & Telecommunications,3,85.74,91.84,89.05,76.42
25,NVIDIA,Santa Clara,California,Technology Hardware,8,85.61,88.16,83.95,84.8
26,PayPal Holdings,San Jose,California,Financial,2,85.6,89.35,77.15,90.38
27,Western Digital,San Jose,California,Technology Hardware,9,85.57,91.44,78.59,86.78
28,Broadcom,San Jose,California,Technology Hardware,10,85.39,85.3,83.51,87.45
29,AptarGroup,Crystal Lake,Illinois,Materials & Chemicals,1,85.27,91.85,76.33,87.72
30,First Solar,Tempe,Arizona,Energy & Utilities,2,85.15,92.61,81.06,81.86
31,HNI,Muscatine,Iowa,Consumer Goods,6,85.14,89.24,74.87,91.41
32,Autodesk,San Francisco,California,Software & Telecommunications,4,85.03,81.16,86.19,87.83
33,United Rentals,Stamford,Connecticut,Professional Services,1,84.81,88.28,83.18,83.07
34,Microsoft,Redmond,Washington,Software & Telecommunications,5,84.8,94.1,73.15,87.25
35,Berry Global,Evansville,Indiana,Materials & Chemicals,2,84.77,93.33,77.45,83.64
36,Healthpeak Properties,Denver,Colorado,Real Estate & Housing,2,84.59,92.54,77.25,84.07
37,Ecolab,Saint Paul,Minnesota,Materials & Chemicals,3,84.49,95.52,85.62,72.43
38,Avery Dennison,Glendale,California,Capital Goods,2,84.46,94.5,69.84,89.12
39,Moody's,New York,New York,Financial,3,84.39,86.81,80.3,86.14
40,Dell Technologies,Round Rock,Texas,Technology Hardware,11,84.31,100,71.59,81.45
41,Lear Corporation,Southfield,Michigan,Automotive & Components,1,84.3,88.74,67.79,96.47
42,Estee Lauder Companies,New York,New York,Consumer Goods,7,84.22,96.81,81.83,74.13
43,Greif,Delaware,Ohio,Materials & Chemicals,4,84.17,89.17,67.3,96.12
44,Intel,Santa Clara,California,Technology Hardware,12,84.12,92.28,84.11,76.07
45,Micron Technology,Boise,Idaho,Technology Hardware,13,83.91,78.9,86.94,85.98
46,Avient,Avon Lake,Ohio,Materials & Chemicals,5,83.72,92.44,77.38,81.44
47,Lam Research,Fremont,California,Technology Hardware,14,83.71,93.58,81.87,75.76
48,Crown Holdings,Philadelphia,Pennsylvania,Materials & Chemicals,6,83.65,88.71,75.77,86.57
49,Advanced Micro Devices,Santa Clara,California,Technology Hardware,15,83.61,92.57,78.65,79.71
50,Watts Water Technologies,North Andover,Massachusetts,Capital Goods,3,83.47,89.05,68.6,92.84
51,Zoetis,Parsippany,New Jersey,Health Care & Life Sciences,6,83.47,90.29,75.66,84.54
52,Owens Corning,Toledo,Ohio,Materials & Chemicals,7,83.43,83.84,75.34,91.18
53,Brixmor Property Group,New York,New York,Real Estate & Housing,3,83.38,71.81,92.85,85.55
54,Ingersoll Rand,Davidson,North Carolina,Capital Goods,4,83.35,89.64,66.64,93.86
55,Jabil,Saint Petersburg,Florida,Technology Hardware,16,83.33,91.85,77.03,81.19
56,Granite Construction,Watsonville,California,Capital Goods,5,83.24,87.65,76.74,85.42
57,Analog Devices,Wilmington,Massachusetts,Technology Hardware,17,83.14,93.49,68.02,88
58,Boston Properties,Boston,Massachusetts,Real Estate & Housing,4,83.08,97.72,78.57,73.04
59,Church & Dwight,Ewing Township,New Jersey,Consumer Goods,8,82.97,94.35,78.32,76.35
60,FMC,Philadelphia,Pennsylvania,Materials & Chemicals,8,82.96,89.37,79.08,80.52
61,Thermo Fisher Scientific,Waltham,Massachusetts,Health Care & Life Sciences,7,82.93,84.9,76.96,87.03
62,KLA Corporation,Milpitas,California,Technology Hardware,18,82.67,78.44,80.99,88.66
63,Nasdaq,New York,New York,Financial,4,82.67,88.81,67.83,91.46
64,Ribbon,Plano,Texas,Software & Telecommunications,6,82.6,86.92,83.3,77.66
65,Baker Hughes,Houston,Texas,Energy & Utilities,3,82.6,87.39,76.95,83.54
66,AvalonBay Communities,Arlington,Virginia,Real Estate & Housing,5,82.59,94.91,82.48,70.46
67,IBM,Armonk,New York,Software & Telecommunications,7,82.55,88.02,82.44,77.27
68,Abbott Laboratories,North Chicago,Illinois,Health Care & Life Sciences,8,82.54,82.48,80.86,84.37
69,CBRE Group,Dallas,Texas,Real Estate & Housing,6,82.52,81.64,84,81.98
70,Kennametal,Pittsburgh,Pennsylvania,Capital Goods,6,82.5,89.15,74.99,83.44
71,Waters,Milford,Massachusetts,Health Care & Life Sciences,9,82.48,86.24,73.05,88.24
72,Texas Instruments,Dallas,Texas,Technology Hardware,19,82.46,78.99,93.05,75.42
73,Iron Mountain,Boston,Massachusetts,Software & Telecommunications,8,82.43,93.07,70.97,83.35
74,Whirlpool Corporation,Benton Harbor,Michigan,Consumer Goods,9,82.4,94.38,78.59,74.31
75,S&P Global,New York,New York,Financial,5,82.36,92.28,78.59,76.3
76,American Express,New York,New York,Financial,6,82.32,90.58,69.7,86.77
77,Federal Realty Investment Trust,North Bethesda,Maryland,Real Estate & Housing,7,82.31,90.77,67.78,88.48
78,Zurn Elkay Water Solutions Corporation,Milwaukee,Wisconsin,Capital Goods,7,82.22,85.97,80.55,80.23
79,Columbus McKinnon,Buffalo,New York,Capital Goods,8,82.2,95.37,66.28,85.03
80,Empire State Realty Trust,New York,New York,Real Estate & Housing,8,82.07,82.79,69.02,94.48
81,Labcorp,Burlington,North Carolina,Health Care & Life Sciences,10,82.05,89.18,89.15,67.89
82,SBA,Boca Raton,Florida,Software & Telecommunications,9,81.95,86.43,73.04,86.45
83,Motorola Solutions,Chicago,Illinois,Technology Hardware,20,81.87,88.25,78.79,78.67
84,EXL,New York,New York,Professional Services,2,81.85,82.62,77.25,85.75
85,Marriott International,Bethesda,Maryland,"Hotels, Dining & Leisure",1,81.82,72.01,91.35,82.17
86,Carter's,Atlanta,Georgia,Consumer Goods,10,81.7,83.71,78.42,83.07
87,Cirrus Logic,Austin,Texas,Technology Hardware,21,81.45,72,81.26,91.17
88,Onsemi,Phoenix,Arizona,Technology Hardware,22,81.42,78.05,71.42,94.88
89,Helen of Troy,El Paso,Texas,Consumer Goods,11,81.4,84.22,81.56,78.5
90,Prologis,San Francisco,California,Real Estate & Housing,9,81.38,84.51,82.55,77.17
91,Adobe,San Jose,California,Software & Telecommunications,10,81.33,97.14,66.53,80.41
92,Nielsen,New York,New York,Professional Services,3,81.3,83.69,76.69,83.6
93,Masonite International,Tampa,Florida,Capital Goods,9,81.26,89.45,81.47,72.95
94,Organon & Co.,Jersey City,New Jersey,Health Care & Life Sciences,11,81.23,83.07,84.82,75.88
95,Univar Solutions,Downers Grove,Illinois,Materials & Chemicals,9,81.17,91.68,58.29,93.65
96,Baxter International,Deerfield,Illinois,Health Care & Life Sciences,12,81.09,87.15,85.64,70.56
97,Apple,Cupertino,California,Technology Hardware,23,81.08,99.5,68.15,75.69
98,Livent,Philadelphia,Pennsylvania,Materials & Chemicals,10,80.97,79.57,80.17,83.26
99,Waste Management,Houston,Texas,Energy & Utilities,4,80.95,80.86,81.67,80.41
100,Jones Lang LaSalle,Chicago,Illinois,Real Estate & Housing,10,80.92,88.68,69.8,84.37
101,Snap,Santa Monica,California,Software & Telecommunications,11,80.89,74.3,80.63,87.83
102,Microchip,Chandler,Arizona,Technology Hardware,24,80.88,84.25,70.04,88.42
103,Comerica,Dallas,Texas,Financial,7,80.85,80.1,82.84,79.7
104,Lumentum,San Jose,California,Software & Telecommunications,12,80.8,95.61,73.45,73.45
105,Walt Disney,Burbank,California,"Hotels, Dining & Leisure",2,80.77,88.86,73.87,79.68
106,Robert Half International,Menlo Park,California,Professional Services,4,80.7,77.95,69.77,94.47
107,Fortune Brands,Deerfield,Illinois,Consumer Goods,12,80.62,87.21,73.57,81.17
108,Danaher,Washington,District of Columbia,Health Care & Life Sciences,13,80.36,77.23,75.41,88.52
109,LPL Financial,San Diego,California,Financial,8,80.3,85.1,76.28,79.6
110,ResMed,San Diego,California,Health Care & Life Sciences,14,80.24,82.37,77.18,81.25
111,AMN Healthcare Services,Dallas,Texas,Health Care & Life Sciences,15,80.11,78.56,81.1,80.75
112,Hudson Pacific Properties,Los Angeles,California,Real Estate & Housing,11,80.1,85.41,84.76,70.23
113,Digital Realty Trust,Austin,Texas,Real Estate & Housing,12,80.08,83.15,74.38,82.78
114,Element Solutions,Fort Lauderdale,Florida,Materials & Chemicals,11,80.02,88.38,71.05,80.74
115,Sherwin-Williams,Cleveland,Ohio,Materials & Chemicals,12,79.99,80.51,79.82,79.73
116,Amphenol,Wallingford,Connecticut,Technology Hardware,25,79.98,86.74,66.82,86.45
117,Yum! Brands,Louisville,Kentucky,"Hotels, Dining & Leisure",3,79.94,85.18,69.04,85.68
118,Gap,San Francisco,California,Retail,1,79.9,79.4,69.73,90.64
119,Comfort Systems USA,Houston,Texas,Capital Goods,10,79.87,79.55,75.22,84.91
120,UnitedHealth Group,Minnetonka,Minnesota,Health Care & Life Sciences,16,79.84,83.82,83.03,72.76
121,Xerox,Norwalk,Connecticut,Technology Hardware,26,79.84,92.3,75.46,71.85
122,National Instruments,Austin,Texas,Software & Telecommunications,13,79.81,74.81,79.61,85.09
123,Qurate Retail Group,West Chester,Pennsylvania,Retail,2,79.79,91.06,75.96,72.45
124,Koppers,Pittsburgh,Pennsylvania,Materials & Chemicals,13,79.76,87.92,78,73.43
125,CommScope Holding Company,Hickory,North Carolina,Technology Hardware,27,79.72,91.19,74.58,73.48
126,Humana,Louisville,Kentucky,Financial,9,79.72,83.75,82.32,73.16
127,Itron,Liberty Lake,Washington,Professional Services,5,79.66,87.19,75.01,76.87
128,Deere,Moline,Illinois,Capital Goods,11,79.63,85.92,87.16,65.91
129,Darling Ingredients,Irving,Texas,Consumer Goods,13,79.63,71.89,77.1,89.98
130,Ralph Lauren,New York,New York,Consumer Goods,14,79.59,90.29,67.75,80.83
131,Jacobs,Dallas,Texas,Professional Services,6,79.57,93.6,66.65,78.55
132,Armstrong World Industries,Lancaster,Pennsylvania,Capital Goods,12,79.53,75.75,80.57,82.34
133,Fifth Third Bank,Cincinnati,Ohio,Financial,10,79.43,91.33,84.23,62.83
134,Fluor Corporation,Irving,Texas,Capital Goods,13,79.42,84.84,71.66,81.84
135,Molson Coors Brewing,Chicago,Illinois,Consumer Goods,15,79.38,78.83,76.58,82.8
136,Deckers Outdoor,Goleta,California,Consumer Goods,16,79.27,87.17,70.47,80.25
137,Cintas,Cincinnati,Ohio,Consumer Goods,17,79.24,74.52,78.74,84.55
138,Workday,Pleasanton,California,Software & Telecommunications,14,79.19,86.86,74.16,76.64
139,Essex Property Trust,San Mateo,California,Real Estate & Housing,13,79.18,85.02,77.53,75.07
140,MetLife,New York,New York,Financial,11,79.17,79.52,75.07,83.01
141,ServiceNow,Santa Clara,California,Software & Telecommunications,15,79.11,76.25,78.74,82.42
142,Zillow,Seattle,Washington,Real Estate & Housing,14,79.07,73.25,78.04,85.99
143,Atkore,Harvey,Illinois,Capital Goods,14,79.07,80.07,72.65,84.55
144,C.H. Robinson,Eden Prairie,Minnesota,Transport & Logistics,1,79.03,72.82,87.01,77.31
145,Dolby,San Francisco,California,Software & Telecommunications,16,79.02,73.7,81.85,81.6
146,NetApp,San Jose,California,Software & Telecommunications,17,79,85.07,65.97,86.06
147,Silicon Labs,Austin,Texas,Technology Hardware,28,79,88.65,70.92,77.51
148,Simpson Manufacturing Company,Pleasanton,California,Capital Goods,15,78.97,85.38,80.71,70.9
149,Lowe's Companies,Mooresville,North Carolina,Retail,3,78.94,86.95,72.54,77.41
150,Sonoco Products,Hartsville,South Carolina,Materials & Chemicals,14,78.92,84.04,69.14,83.66
151,Caleres,Saint Louis,Missouri,Consumer Goods,18,78.86,87.58,77.05,72.03
152,USANA Health Sciences,West Valley City,Utah,Consumer Goods,19,78.84,72.79,81.22,82.58
153,Ball,Westminster,Colorado,Materials & Chemicals,15,78.83,93.71,81.47,61.4
154,Eversource Energy,Springfield,Massachusetts,Energy & Utilities,5,78.78,96.11,70.57,69.77
155,Elevance Health,Indianapolis,Indiana,Financial,12,78.66,87.32,78.05,70.69
156,Coronado Global Resources,Beckley,West Virginia,Materials & Chemicals,16,78.6,75.96,77.52,82.39
157,Caterpillar,Deerfield,Illinois,Capital Goods,16,78.56,84.88,68.99,81.9
158,SPX,Charlotte,North Carolina,Capital Goods,17,78.56,85.37,68.35,82.03
*,Keurig Dr Pepper,Burlington,Massachusetts,Consumer Goods,*,78.55,85.22,73.62,76.9
159,State Street,Boston,Massachusetts,Financial,13,78.51,68.09,78.28,89.23
160,Hubbell,Shelton,Connecticut,Capital Goods,18,78.48,87.03,64.32,84.17
161,Mettler-Toledo International,Columbus,Ohio,Technology Hardware,29,78.43,78.91,69.92,86.53
162,ANSYS,Canonsburg,Pennsylvania,Software & Telecommunications,18,78.41,75.77,77.05,82.48
163,SITE Centers,Beachwood,Ohio,Real Estate & Housing,15,78.41,81.69,67.88,85.73
164,Macerich,Santa Monica,California,Real Estate & Housing,16,78.39,89.4,76.61,69.24
165,Prudential,Newark,New Jersey,Financial,14,78.27,74.29,74.81,85.8
166,The Home Depot,Atlanta,Georgia,Retail,4,78.27,79.17,75.96,79.74
167,IDEXX Laboratories,Westbrook,Maine,Health Care & Life Sciences,17,78.19,75.32,82.17,77.15
168,Littelfuse,Chicago,Illinois,Technology Hardware,30,78.15,84.66,69.53,80.35
169,Franklin Electric,Fort Wayne,Indiana,Technology Hardware,31,78.11,84.99,71.51,77.92
170,Synopsys,Mountain View,California,Software & Telecommunications,19,78.11,74.54,68.77,91.09
171,Kadant,Westford,Massachusetts,Technology Hardware,32,78.1,86.64,57.86,89.89
172,M&T Bank,Buffalo,New York,Financial,15,78.07,74.75,82.47,77.06
173,AGCO,Duluth,Georgia,Capital Goods,19,78.07,79.14,76.96,78.18
174,Intuitive,Sunnyvale,California,capital Goods,18,78.06,72.27,79.67,82.3
175,ONEOK,Tulsa,Oklahoma,Energy & Utilities,6,78.05,67.2,87.19,79.83
176,Lumen Technologies,Monroe,Louisiana,Software & Telecommunications,20,78.03,86.77,70.72,76.7
177,Sempra,San Diego,California,Energy & Utilities,7,77.95,68.03,87.65,78.25
178,Radius Recycling,Portland,Oregon,Energy & Utilities,8,77.95,86.38,67.9,79.65
179,Kilroy Realty,Los Angeles,California,Real Estate & Housing,17,77.92,93.87,67,73
180,Halliburton,Houston,Texas,Energy & Utilities,9,77.92,76.11,80.86,76.86
181,Equinix,Redwood City,California,Software & Telecommunications,21,77.89,78.73,78.83,76.2
182,BorgWarner,Auburn Hills,Michigan,Automotive & Components,2,77.89,80.11,75.88,77.75
183,Catalent,Somerset,New Jersey,Health Care & Life Sciences,19,77.83,92.01,78.91,62.66
184,J.B. Hunt Transport Services,Lowell,Arizona,Transport & Logistics,2,77.79,80.86,68.55,84.06
185,IPG Photonics,New York,New York,Technology Hardware,33,77.74,78.95,71.52,82.82
186,Regal Rexnord,Beloit,Wisconsin,Capital Goods,20,77.67,92.39,70.92,69.79
187,Otis,Farmington,Connecticut,Capital Goods,21,77.66,83.75,65.21,84.12
188,AdvanSix,Parsippany,New Jersey,Materials & Chemicals,17,77.63,70.03,72.29,90.65
189,Gates Industrial Corporation,Denver,Colorado,Capital Goods,22,77.6,79.46,72.13,81.3
190,Talos Energy,Houston,Texas,Energy & Utilities,10,77.57,72.58,87.12,73.09
191,Welltower,Toledo,Ohio,Real Estate & Housing,18,77.55,81.85,82.52,68.37
192,Best Buy,Richfield,Minnesota,Retail,5,77.38,91.95,77.39,62.91
193,Sun Communities,Southfield,Michigan,Real Estate & Housing,19,77.37,85.23,69.48,77.5
194,The Andersons,Maumee,Ohio,Retail,6,77.36,73.52,72.63,85.99
195,Cummins,Columbus,Indiana,Automotive & Components,3,77.33,92.38,73.81,65.9
196,Sunstone Hotel Investors,Irvine,California,Real Estate & Housing,20,77.33,79.39,74.64,78.05
197,PNC Financial Services,Pittsburgh,Pennsylvania,Financial,16,77.27,73.18,76.2,82.5
198,California Resources,Long Beach,California,Energy & Utilities,11,77.24,79.21,71.73,80.85
199,Kimco Realty,Jericho,New York,Real Estate & Housing,21,77.23,81.05,85.03,65.7
200,Albemarle,Charlotte,North Carolina,Materials & Chemicals,18,77.21,75.78,85.58,70.35
201,Balchem,Montvale,New Jersey,Materials & Chemicals,19,77.21,73.76,74.8,83.13
202,Newmont Gold,Denver,Colorado,Materials & Chemicals,20,77.17,83.33,78.86,69.43
204,Campbell Soup,Camden,New Jersey,Consumer Goods,20,77.15,80.93,82.03,68.57
205,Enphase,Fremont,California,Technology Hardware,34,77.14,85.03,61.56,84.92
206,HubSpot,Cambridge,Massachusetts,Software & Telecommunications,22,77.06,88.9,60.13,82.25
207,Hilton Worldwide Holdings,McLean,Virginia,"Hotels, Dining & Leisure",4,76.99,67.87,81.76,81.42
208,Cooper-Standard Holdings,Northville,Michigan,Automotive & Components,4,76.99,88.03,73.29,69.74
209,Infinera,San Jose,California,Technology Hardware,35,76.99,87.7,74.04,69.32
210,Principal Financial Group,Des Moines,Iowa,Financial,18,76.98,80.46,78.53,72.02
211,ManpowerGroup,Milwaukee,Wisconsin,Professional Services,7,76.97,90.3,55.47,85.24
212,Viasat,Carlsbad,California,Software & Telecommunications,23,76.86,81.19,80.01,69.47
213,Vertex Pharmaceuticals,Boston,Massachusetts,Health Care & Life Sciences,20,76.82,73.29,83.26,73.99
214,JBG SMITH Properties,Bethesda,Maryland,Real Estate & Housing,22,76.76,80.46,67.68,82.23
215,Colgate-Palmolive,New York,New York,Consumer Goods,21,76.76,90.08,66.79,73.5
216,Edwards Lifesciences,Irvine,California,Health Care & Life Sciences,21,76.71,97.27,52.69,80.28
217,T-Mobile,Bellevue,Washington,Software & Telecommunications,24,76.65,80.98,72.45,76.59
218,Cognizant Technology Solutions,Teaneck,New Jersey,Professional Services,8,76.61,71.69,68.99,89.23
219,PVH,New York,New York,Retail,7,76.6,88.57,53.99,87.34
220,GlobalFoundries,Malta,New York,Technology Hardware,36,76.6,83.17,75.04,71.67
221,LCI Industries,Elkhart,Indiana,Automotive & Components,5,76.56,64.47,72.06,93.24
222,Dana,Maumee,Ohio,Automotive & Components,6,76.56,91.25,66.85,71.68
223,Brown-Forman,Louisville,Kentucky,Consumer Goods,22,76.56,82.13,63.99,83.64
224,Bread Financial,Columbus,Ohio,Financial,19,76.54,83.2,77.25,69.26
225,Western Midstream,The Woodlands,Texas,Energy & Utilities,12,76.52,58.81,82.21,88.59
226,Conagra Brands,Chicago,Illinois,Consumer Goods,23,76.49,87.91,73.52,68.11
227,Huntington Bancshares,Columbus,Ohio,Financial,20,76.47,83.45,78.53,67.51
228,Herc Holdings,Bonita Springs,Florida,Capital Goods,23,76.46,70.56,80.29,78.62
229,JPMorgan Chase & Co,New York,New York,Financial,21,76.45,81.76,70.63,77.04
230,CF Industries Holdings,Deerfield,Illinois,Materials & Chemicals,21,76.42,55.32,79.59,94.39
231,Bank of New York Mellon,New York,New York,Financial,22,76.42,94.16,67.55,67.63
232,Air Products and Chemicals,Allentown,Pennsylvania,Materials & Chemicals,22,76.41,70.58,82.02,76.71
233,KeyCorp,Cleveland,Ohio,Financial,23,76.37,82.72,79.3,67.18
234,Mueller Water Products,Atlanta,Georgia,Capital Goods,24,76.35,75.45,76.84,76.85
235,Gen Digital,Tempe,Arizona,Software & Telecommunications,25,76.34,91.5,75.04,62.58
236,Lincoln National,Radnor,Pennsylvania,Financial,24,76.32,88.04,73.05,67.96
237,Nexteer Automotive,Saginaw,Michigan,Automotive & Components,7,76.26,87.76,59.1,82.02
238,W.W. Grainger,Lake Forest,Illinois,Capital Goods,25,76.25,82.19,64.63,82.02
239,Teradata,San Diego,California,Software & Telecommunications,26,76.22,68.41,69.13,91.19
240,Target,Minneapolis,Minnesota,Retail,8,76.19,74.51,74.42,79.72
241,ICF,Fairfax,Virginia,Professional Services,9,76.19,67.01,83.18,78.44
242,Green Plains,Omaha,Nebraska,Materials & Chemicals,23,76.12,72.77,86.68,68.97
243,National Vision,Duluth,Georgia,Retail,9,76.03,73.59,67.86,86.72
244,Visa,San Francisco,California,Financial,25,76.03,86.88,57.78,83.52
245,Adtalem Global Education,Chicago,Illinois,Professional Services,10,75.99,80.79,72.83,74.43
246,Peabody Energy,Saint Louis,Missouri,Energy & Utilities,13,75.94,68.67,75.87,83.34
247,Cohu,Poway,California,Technology Hardware,37,75.9,81.41,65.81,80.56
248,CMC,Irving,Texas,Materials & Chemicals,24,75.87,73.58,72.48,81.62
249,Pfizer,New York,New York,Health Care & Life Sciences,22,75.85,73.39,67.94,86.28
250,Harley-Davidson,Milwaukee,Wisconsin,Automotive & Components,8,75.82,74.38,67.93,85.22
251,J.M. Smucker,Orrville,Ohio,Consumer Goods,24,75.8,85.35,65.37,76.77
252,PPL,Allentown,Pennsylvania,Energy & Utilities,14,75.79,59.69,93.41,74.34
253,Skywork Solutions,Irvine,California,Technology Hardware,38,75.79,85.18,67.29,74.98
254,Teradyne,North Reading,Massachusetts,Technology Hardware,39,75.76,81.1,60.04,86.23
255,General Electric,Boston,Massachusetts,Capital Goods,26,75.76,77.86,71.91,77.6
256,Fossil,Richardson,Texas,Consumer Goods,25,75.74,73.05,66.66,87.59
257,Southwest Airlines,Dallas,Texas,Transport & Logistics,3,75.73,71.13,81.53,74.59
258,CSX,Jacksonville,Florida,Transport & Logistics,4,75.72,80.14,65.79,81.31
259,Las Vegas Sands,Las Vegas,Nevada,"Hotels, Dining & Leisure",5,75.72,84.47,80.5,62.27
260,Akamai,Cambridge,Massachusetts,Software & Telecommunications,27,75.71,90.68,62.42,74.13
261,Williams-Sonoma,San Francisco,California,Consumer Goods,26,75.68,74.87,68.92,83.32
262,Knowles Corporation,Itasca,Illinois,Technology Hardware,40,75.63,84.87,63.66,78.43
263,Charles River Laboratories,Wilmington,Massachusetts,Health Care & Life Sciences,23,75.62,79.89,74.11,72.95
264,Maxim Integrated Products,San Jose,California,Technology Hardware,41,75.6,82.47,60.54,83.86
265,Illinois Tool Works,Glenview,Illinois,Capital Goods,27,75.55,85.61,72.49,68.66
266,Summit Materials,Denver,Colorado,Materials & Chemicals,25,75.52,78.38,65.11,83.13
267,Public Storage,Glendale,California,Real Estate & Housing,23,75.51,79.77,67.6,79.25
268,Palo Alto Networks,Santa Clara,California,Software & Telecommunications,28,75.49,82.52,73.44,70.59
269,TPI Composites,Scottsdale,Arizona,Capital Goods,28,75.48,73.16,78.14,75.21
270,TransUnion,Chicago,Illinois,Professional Services,11,75.46,76.53,73.41,76.52
271,Fiserv,Brookfield,Wisconsin,Software & Telecommunications,29,75.46,71.08,71.4,83.96
272,Marathon Oil,Houston,Texas,Energy & Utilities,15,75.44,62.76,82.41,81.21
273,Hanesbrands,Winston-Salem,North Carolina,Consumer Goods,27,75.42,94.02,63.81,68.52
274,West Pharmaceutical Services,Exton,Pennsylvania,Health Care & Life Sciences,24,75.4,83.21,66.81,76.27
275,Howmet Aerospace,Pittsburgh,Pennsylvania,Capital Goods,29,75.39,72.67,72.77,80.79
276,American Axle & Manufacturing Holdings,Detroit,Michigan,Automotive & Components,9,75.36,72.44,74.97,78.75
277,Avnet,Phoenix,Arizona,Technology Hardware,42,75.34,90.34,69.27,66.51
278,QuidelOrtho,San Diego,California,Health Care & Life Sciences,25,75.3,76.76,67.79,81.44
279,Kraton,Houston,Texas,Materials & Chemicals,26,75.3,69.15,74.88,81.95
280,United Therapeutics,Silver Spring,Maryland,Health Care & Life Sciences,26,75.29,65.56,76.31,84.06
281,WESCO International,Pittsburgh,Pennsylvania,Transport & Logistics,5,75.29,74.55,66.34,85.05
282,The Hartford,Hartford,Connecticut,Financial,26,75.28,55.79,81.32,88.77
283,Bank of America,Charlotte,North Carolina,Financial,27,75.27,84.47,75.36,66.07
284,McCormick & Company,Hunt Valley,Maryland,Consumer Goods,28,75.26,82.41,77.5,65.96
285,Kraft Heinz,Chicago,Illinois,Consumer Goods,29,75.26,82.19,67.42,76.26
286,International Flavors & Fragrances,New York,New York,Materials & Chemicals,27,75.26,78.88,69.69,77.28
287,Post,Saint Louis,Missouri,Consumer Goods,30,75.25,79.25,64.64,81.94
288,Belden,Saint Louis,Missouri,Technology Hardware,43,75.21,61.6,80.9,83.2
289,Dropbox,San Francisco,California,Software & Telecommunications,30,75.2,76.95,63.62,85.11
290,Cornerstone Building Brands,Cary,North Carolina,Capital Goods,30,75.2,74.76,74.13,76.78
291,Parsons,Centreville,Virginia,Capital Goods,31,75.2,72.36,79.75,73.55
292,Brunswick,Mettawa,Illinois,Capital Goods,32,75.19,77.61,67.19,80.84
293,Sensata Technologies,Attleboro,Massachusetts,Technology Hardware,44,75.12,73.85,86.11,65.49
294,Merit Medical Systems,South Jordan,Utah,Health Care & Life Sciences,27,75.1,78.78,63.25,83.35
295,Corning,Corning,New York,Technology Hardware,45,75.08,76.24,74.8,74.28
296,Exact Sciences,Madison,Wisconsin,Health Care & Life Sciences,28,75.07,84.58,82.83,57.89
297,PotlatchDeltic,Spokane,Washington,Capital Goods,33,75.04,69.38,78.78,77.02
298,California Water Service Group,San Jose,California,Energy & Utilities,16,75.04,68.14,79.54,77.5
299,AMH,Calabasas,California,Real Estate & Housing,24,75.01,61.36,82.72,81.02
300,Regions Financial,Birmingham,Alabama,Financial,28,75,70.93,71.05,83.08
301,Equity Residential,Chicago,Illinois,Real Estate & Housing,25,74.98,82.37,76.03,66.63
302,The Hanover,Worcester,Massachusetts,Financial,29,74.92,76.07,69.03,79.73
303,Arista Networks,Santa Clara,California,Software & Telecommunications,31,74.89,81.24,61.73,81.79
304,Phibro Animal Health,Teaneck,New Jersey,Health Care & Life Sciences,29,74.84,84.44,59.92,80.26
305,Quest Diagnostics,Secaucus,New Jersey,Health Care & Life Sciences,30,74.78,77.92,72.99,73.51
306,SLB,Houston,Texas,Energy & Utilities,17,74.77,72.75,73.97,77.67
307,PPG Industries,Pittsburgh,Pennsylvania,Materials & Chemicals,28,74.76,83.99,64.3,76.06
308,VMware,Palo Alto,California,Software & Telecommunications,32,74.7,96.88,40.28,87.04
309,Assurant,New York,New York,Financial,30,74.62,69.16,83.62,71.15
310,NOV,Houston,Texas,Energy & Utilities,18,74.61,70.16,83.4,70.35
311,Petco,San Diego,California,Retail,10,74.56,80.77,68.34,74.65
312,Tractor Supply Co.,Brentwood,Tennessee,Retail,11,74.55,75.56,76.84,71.34
313,Packaging Corporation of America,Lake Forest,Illinois,Materials & Chemicals,29,74.53,69.69,67.97,86.01
314,Bunge,Chesterfield,Missouri,Consumer Goods,31,74.52,81.51,76.48,65.65
315,Ingevity,North Charleston,South Carolina,Materials & Chemicals,30,74.47,68.06,78.37,77.06
316,Kimberly-Clark,Dallas,Texas,Consumer Goods,32,74.45,77.62,66.03,79.78
317,Mattel,El Segundo,California,Consumer Goods,33,74.44,89.4,66.25,67.77
318,DICK'S Sporting Goods,Coraopolis,Pennsylvania,Retail,12,74.36,76.39,66.53,80.24
319,Murphy Oil,Houston,Texas,Energy & Utilities,19,74.36,63.87,80.65,78.61
320,Equitrans Midstream,Canonsburg,Pennsylvania,Energy & Utilities,20,74.33,68.6,82.86,71.6
321,Intuit,Mountain View,California,Software & Telecommunications,33,74.23,75.24,71.02,76.51
322,UDR,Highlands Ranch,Colorado,Real Estate & Housing,26,74.21,78.42,62.71,81.6
323,Burlington,Burlington,New Jersey,Retail,13,74.19,80.04,67.03,75.59
324,Dominion Energy,Richmond,Virginia,Energy & Utilities,21,74.16,63.39,79.3,79.85
325,DXC Technology,Tysons,Virginia,Professional Services,12,74.14,82.98,45.23,94.3
326,Corporate Office Properties Trust,Columbia,Maryland,Real Estate & Housing,27,74.14,77.47,78.32,66.71
**,Compass Minerals,Overland Park,Kansas,Materials & Chemicals,**,74.14,71.49,79.53,71.46
327,Matson,Honolulu,Hawaii,Transport & Logistics,6,74.12,54.26,74.6,93.56
328,TJX Companies,Framingham,Massachusetts,Retail,14,74.1,74.2,67.65,80.51
329,Terex,Norwalk,Connecticut,Capital Goods,34,74.07,68.11,73.66,80.5
330,Mid-America Apartment Communities,Memphis,Tennessee,Real Estate & Housing,28,74.04,83.01,54.23,84.96
331,FedEx,Memphis,Tennessee,Transport & Logistics,7,74.01,70.13,81.81,70.17
332,Gartner,Stamford,Connecticut,Professional Services,13,73.96,67.18,72.82,81.95
333,Host Hotels & Resorts,Bethesda,Maryland,"Hotels, Dining & Leisure",6,73.95,87.22,65.71,69.01
334,Weatherford International,Houston,Texas,Energy & Utilities,22,73.95,77.76,72.42,71.74
335,Kelly Services,Troy,Michigan,Professional Services,14,73.91,68.7,80.37,72.74
336,Coty,New York,New York,Consumer Goods,34,73.81,92.53,62,66.99
337,ArcBest,Fort Smith,Arizona,Transport & Logistics,8,73.77,73.7,67.55,80.14
338,Hormel Foods,Austin,Minnesota,Consumer Goods,35,73.75,89.6,76.79,54.95
339,GXO,Greenwich,Connecticut,Transport & Logistics,9,73.73,81.24,64.53,75.5
340,Tennant Company,Eden Prairie,Minnesota,Capital Goods,35,73.71,71.64,68.46,81.1
341,Aramark,Philadelphia,Pennsylvania,"Hotels, Dining & Leisure",7,73.71,72.1,73.57,75.53
342,VF Corporation,Denver,Colorado,Consumer Goods,36,73.68,85.31,64.19,71.63
343,American Water,Camden,New Jersey,Energy & Utilities,23,73.68,73.24,69.92,77.94
344,Cabot Corporation,Boston,Massachusetts,Materials & Chemicals,31,73.62,71.78,72.48,76.68
345,Hologic,Marlborough,Massachusetts,Health Care & Life Sciences,31,73.57,80.31,63.94,76.55
346,Sensient Technologies,Milwaukee,Wisconsin,Materials & Chemicals,32,73.54,77.4,71.12,72.16
347,U.S. Silica,Katy,Texas,Materials & Chemicals,33,73.53,66.88,79.72,74.06
348,Pioneer Natural Resources,Irving,Texas,Energy & Utilities,24,73.52,82.21,75.46,62.96
349,PerkinElmer,Waltham,Massachusetts,Health Care & Life Sciences,32,73.5,68.59,74.99,76.99
350,Sanmina,San Jose,California,Technology Hardware,46,73.48,74.34,66.04,80.11
351,General Motors,Detroit,Michigan,Automotive & Components,10,73.47,72.07,78.57,69.84
352,EnerSys,Reading,Pennsylvania,Technology Hardware,47,73.47,82.9,62.1,75.48
353,CenterPoint Energy,Houston,Texas,Energy & Utilities,25,73.46,65.17,85.59,69.67
354,Sprouts Farmers Market,Phoenix,Arizona,Retail,15,73.45,72.68,71.36,76.37
355,BizLink,Fremont,California,Technology Hardware,48,73.44,93.27,62.1,65.05
356,Dover Corporation,Downers Grove,Illinois,Capital Goods,36,73.44,81.29,66.8,72.31
357,McDonald's,Chicago,Illinois,"Hotels, Dining & Leisure",8,73.42,76.35,67.81,76.18
358,Alexandria Real Estate Equities,Pasadena,California,Real Estate & Housing,29,73.42,89.43,66.42,64.49
359,Oshkosh,Oshkosh,Wisconsin,Automotive & Components,11,73.41,79.82,69.93,70.56
361,Elanco Animal Health,Greenfield,Indiana,Health Care & Life Sciences,33,73.4,88.99,66.24,65.06
362,Coeur Mining,Chicago,Illinois,Materials & Chemicals,34,73.25,69.7,80.86,69.26
363,IPG,New York,New York,Professional Services,15,73.25,78.18,63.49,78.17
364,GrafTech International,Brooklyn Heights,Ohio,Capital Goods,37,73.24,72.32,63.43,84.04
365,LyondellBasell,Houston,Texas,Materials & Chemicals,35,73.22,65.92,65.49,88.31
366,Crane,Stamford,Connecticut,Materials & Chemicals,36,73.15,84.11,74.73,60.7
367,Stanley Black & Decker,New Britain,Connecticut,Capital Goods,38,73.15,77.92,69.81,71.79
368,GE HealthCare Technologies,Chicago,Illinois,Health Care & Life Sciences,34,73.14,73.12,69.17,77.21
369,AAON,Tulsa,Oklahoma,Capital Goods,39,73.08,76.9,68.64,73.78
370,Verizon Communications,New York,New York,Software & Telecommunications,34,73.07,75.34,71.45,72.49
371,Franklin Resources,San Mateo,California,Financial,31,73,71.52,67.19,80.37
372,Polaris Inc.,Medina,Minnesota,Automotive & Components,12,73,82.45,69.06,67.58
373,Salesforce.Com,San Francisco,California,Software & Telecommunications,35,73,84.57,68.29,66.22
374,Monolithic Power Systems,Kirkland,Washington,Technology Hardware,49,72.98,76.62,63.44,78.95
375,Paramount Group,New York,New York,Real Estate & Housing,30,72.95,81.29,67.4,70.23
376,Alnylam,Cambridge,Massachusetts,Health Care & Life Sciences,35,72.93,80.65,74.95,63.28
377,Amgen,Thousand Oaks,California,Health Care & Life Sciences,36,72.89,78.66,61.23,78.85
378,Array Technologies,Albuquerque,New Mexico,Energy & Utilities,26,72.86,76.43,75.64,66.61
379,Parker-Hannifin,Cleveland,Ohio,Capital Goods,40,72.86,74.85,73.54,70.26
380,Superior Industries International,Southfield,Michigan,Automotive & Components,13,72.81,76.99,65.3,76.23
381,Amdocs,Chesterfield,Missouri,Software & Telecommunications,36,72.79,84.57,49.66,84.22
382,MPLX LP,Findlay,Ohio,Energy & Utilities,27,72.74,57.65,76.81,83.8
383,Emerson Electric,Saint Louis,Missouri,Capital Goods,41,72.72,81.79,49.71,86.75
384,Constellation Energy Corporation,Baltimore,Maryland,Energy & Utilities,28,72.68,61.15,94.77,62.17
385,Wolfspeed,Durham,North Carolina,Technology Hardware,50,72.67,86.66,64.84,66.58
386,Express,Columbus,Ohio,Retail,16,72.59,83.65,65.24,68.96
387,Masco,Livonia,Michigan,Capital Goods,42,72.58,82.13,59.87,75.84
388,ABM Industries,New York,New York,Professional Services,16,72.57,71.46,73.71,72.62
389,Fortive,Everett,Washington,Capital Goods,43,72.57,79.04,50.15,88.61
390,Capital One Financial,McLean,Virginia,Financial,32,72.55,84.9,61.01,71.83
391,Seagen,Bothell,Washington,Health Care & Life Sciences,37,72.55,82.03,72.35,63.35
392,Ziff Davis,New York,New York,Software & Telecommunications,37,72.52,65.53,71.8,80.3
393,Camden Property Trust,Houston,Texas,Real Estate & Housing,31,72.48,68.37,72.85,76.29
394,"CNO Financial Group, Inc.",Carmel,Indiana,Financial,33,72.48,71.93,67.54,78.03
395,AZZ,Fort Worth,Texas,Capital Goods,44,72.46,81.25,66.17,70.04
396,Marvell Technology,Wilmington,Delaware,Software & Telecommunications,38,72.45,74.64,67.63,75.15
397,Vital Energy,Tulsa,Oklahoma,Energy & Utilities,29,72.39,67.53,80.66,69.05
398,MACOM Technology Solutionss,Lowell,Massachusetts,Software & Telecommunications,39,72.37,69.56,70.32,77.32
399,Electronic Arts,Redwood City,California,Software & Telecommunications,40,72.37,74.76,68.25,74.17
400,FIS,Jacksonville,Florida,Software & Telecommunications,41,72.35,88.93,46.33,81.87
401,"Essential Utilities, Inc.",Bryn Mawr,Pennsylvania,Energy & Utilities,30,72.35,69.65,70.55,76.92
402,Voya Financial,New York,New York,Financial,34,72.34,80.74,53.91,82.46
403,Fox Factory,Duluth,Georgia,Automotive & Components,14,72.28,72.84,64.57,79.52
404,Tradeweb Markets,New York,New York,Financial,35,72.28,63.21,70.32,83.37
405,Timken,North Canton,Ohio,Capital Goods,45,72.2,82.75,61.91,72.03
406,APA Corp,Houston,Texas,Energy & Utilities,31,72.18,62.11,70.57,83.91
407,Jack Henry & Associates,Monett,Missouri,Financial,36,72.15,65.6,69.81,81.12
408,Lennox International,Richardson,Texas,Capital Goods,46,72.11,68.45,76.4,71.53
409,Global Payments,Atlanta,Georgia,Financial,37,72.11,84.42,49.63,82.34
410,Booking Holdings,Norwalk,Connecticut,"Hotels, Dining & Leisure",9,72.07,71.93,69.15,75.19
411,Omega Healthcare Investors,Hunt Valley,Maryland,Real Estate & Housing,32,72.04,77.05,71.53,67.61
412,Crestwood,Houston,Texas,Energy & Utilities,32,72.03,62.92,86.85,66.4
413,Hostess Brands,Lenexa,Kansas,Consumer Goods,38,71.94,72.25,68.94,74.72
414,Invesco,Atlanta,Georgia,Financial,38,71.93,80.57,63.85,71.46
415,Donaldson,Bloomington,Minnesota,Capital Goods,47,71.93,77.09,68.79,69.98
416,Sims,Rye,New York,Materials & Chemicals,37,71.89,77.85,72.69,65.21
417,Worthington Industries,Columbus,Ohio,Materials & Chemicals,38,71.89,85.26,51.19,79.3
418,ITT,White Plains,New York,Capital Goods,48,71.82,77.14,73.13,65.28
419,Avayas,Durham,North Carolina,Software & Telecommunications,42,71.76,82.26,56.21,76.88
420,Hess,New York,New York,Energy & Utilities,33,71.76,80.47,66.29,68.6
421,Medical Properties Trust,Birmingham,Alabama,Real Estate & Housing,33,71.68,71.34,68.74,75.04
422,Amedisys,Baton Rouge,Louisiana,Health Care & Life Sciences,38,71.63,70.33,70.7,73.92
423,Henry Schein,Melville,New York,Health Care & Life Sciences,39,71.62,59.79,71.6,83.54
424,Life Time,Chanhassen,Minnesota,"Hotels, Dining & Leisure",10,71.61,76.75,72.73,65.44
425,Realty Income,San Diego,California,Real Estate & Housing,34,71.58,59.88,77.2,77.72
426,Omnicom Group,New York,New York,Professional Services,17,71.57,72.69,62.89,79.21
427,Upwork,Santa Clara,California,Professional Services,18,71.57,72.76,75.53,66.49
428,Avanos Medical,Alpharetta,Georgia,Health Care & Life Sciences,40,71.56,74.03,69.16,71.56
429,Helmerich & Payne,Tulsa,Oklahoma,Energy & Utilities,34,71.56,58.57,62.47,93.7
430,Marsh McLennan,New York,New York,Professional Services,19,71.55,67.1,66.88,80.74
431,Liberty Media,Englewood,Colorado,"Hotels, Dining & Leisure",11,71.53,72.89,66.47,75.3
432,Entergy,New Orleans,Louisiana,Energy & Utilities,35,71.51,52.28,100,62.32
433,Scotts Miracle-Gro,Marysville,Ohio,Materials & Chemicals,39,71.51,75.09,76.32,63.18
434,Devon Energy,Oklahoma City,Oklahoma,Energy & Utilities,36,71.44,69.92,66.43,78.03
435,TreeHouse Foods,Oak Brook,Illinois,Consumer Goods,39,71.39,77.81,69.03,67.41
436,AIG,New York,New York,Financial,39,71.37,53.17,71.98,89.01
437,Ormat Technologies,Reno,Nevada,Energy & Utilities,37,71.3,65.21,77.18,71.59
438,Hecla Mining,Coeur d'Alene,Idaho,Materials & Chemicals,40,71.27,82.78,62.05,69.07
439,TimkenSteel,Canton,Ohio,Materials & Chemicals,41,71.23,83.2,50.51,80.08
440,Cboe Global Markets,Chicago,Illinois,Financial,40,71.23,80.87,75.33,57.58
441,Ryman Hospitality Properties,Nashville,Tennessee,Real Estate & Housing,35,71.22,71.73,73.69,68.3
442,Lincoln Electric,Cleveland,Ohio,Capital Goods,49,71.08,74.71,73.13,65.47
443,Kosmos Energy,Dallas,Texas,Energy & Utilities,38,71.05,67.23,63.91,82.09
444,Vornado Realty Trust,New York,New York,Real Estate & Housing,36,71.05,89.06,52.5,71.69
445,Insulet Corporation,Acton,Massachusetts,Health Care & Life Sciences,41,71.02,75.8,66.24,71.1
446,ADT,Boca Raton,Florida,Professional Services,20,71,75.42,62.47,75.2
447,Fortinet,Sunnyvale,California,Technology Hardware,51,70.99,73.29,51.43,88.32
448,Steelcase,Grand Rapids,Michigan,Consumer Goods,40,70.98,83.13,66.51,63.38
449,Pebblebrook Hotel Trust,Bethesda,Maryland,"Hotels, Dining & Leisure",12,70.94,71.44,77.08,64.37
450,Carrier,Palm Beach Gardens,Florida,Capital Goods,50,70.92,71.91,62.26,78.66
451,Xenia Hotels & Resorts,Orlando,Florida,Real Estate & Housing,37,70.92,73.72,63.98,75.12
452,Roper Technologies,Sarasota,Florida,Technology Hardware,52,70.91,79.67,64.66,68.47
453,XPO Logistics,Greenwich,Connecticut,Transport & Logistics,10,70.88,64.21,67.85,80.66
454,Louisiana-Pacific,Nashville,Tennessee,Capital Goods,51,70.76,67.37,68.51,76.47
455,Americold Realty Trust,Atlanta,Georgia,Real Estate & Housing,38,70.67,79.42,67.49,65.19
456,Snap-on,Kenosha,Wisconsin,Capital Goods,52,70.55,78.05,60.92,72.74
457,Evoqua Water Technologies,Pittsburgh,Pennsylvania,Capital Goods,53,70.53,74.24,62.4,75.03
458,Teledyne Technologies,Thousand Oaks,California,Technology Hardware,53,70.47,77.21,66.02,68.24
459,Range Resources,Fort Worth,Texas,Energy & Utilities,39,70.37,71.68,60.24,79.26
460,Oil States International,Houston,Texas,Energy & Utilities,40,70.34,79.82,66.49,64.79
461,Expeditors International of Washington,Seattle,Washington,Transport & Logistics,11,70.33,70.94,68.78,71.34
462,AAR,Wood Dale,Illinois,Transport & Logistics,12,70.32,67.81,58.69,84.54
463,Annaly Capital Management,New York,New York,Real Estate & Housing,39,70.3,76.08,57.92,76.96
464,Textron,Providence,Rhode Island,Capital Goods,54,70.29,80.99,49.51,80.46
465,Howard Hughes,The Woodlands,Texas,Real Estate & Housing,40,70.29,74.02,62.56,74.35
466,The Allstate,Northbrook,Illinois,Financial,41,70.26,64.48,78.22,68.15
467,AT&T,Dallas,Texas,Software & Telecommunications,43,70.17,83.99,54.28,72.31
468,Ceridian,Minneapolis,Minnesota,Software & Telecommunications,44,70.17,79.3,60.36,70.92
469,Portland General Electric,Portland,Oregon,Energy & Utilities,41,70.16,62.93,80.69,66.92
470,Citizens Financial,Providence,Rhode Island,Financial,42,70.14,66.05,75.49,68.93
471,Innospec,Englewood,Colorado,Materials & Chemicals,42,70.13,76.5,61.37,72.61
472,Leslie's,Phoenix,Arizona,Retail,17,70.06,67.46,74.98,67.81
473,MKS Instruments,Andover,Massachusetts,Technology Hardware,54,70.06,65.08,70.48,74.67
474,Avis Budget Group,Parsippany,New Jersey,Professional Services,21,70.05,61.77,61.42,87
475,TransDigm,Cleveland,Ohio,Capital Goods,55,70.02,77.38,61,71.76
476,THOR Industries,Elkhart,Indiana,Automotive & Components,15,69.99,69.59,60.6,79.85
477,Brinker International,Dallas,Texas,"Hotels, Dining & Leisure",13,69.98,72.55,65.55,71.9
478,DTE Energy,Detroit,Michigan,Energy & Utilities,42,69.97,64.59,72.02,73.35
479,Allison Transmission,Indianapolis,Indiana,Capital Goods,56,69.94,68.14,59.58,82.16
480,Dun & Bradstreet,Jacksonville,Florida,Financial,43,69.89,53.92,73.01,82.8
481,Clearway Energy,New Jersey,New Jersey,Energy & Utilities,43,69.88,67.04,67.15,75.53
482,Domino's Pizza,Ann Arbor,Michigan,"Hotels, Dining & Leisure",14,69.86,72.25,64.45,72.96
483,Spire,Saint Louis,Missouri,Energy & Utilities,44,69.79,62.83,81.11,65.49
484,SunPower,San Jose,California,Energy & Utilities,45,69.78,82.73,67.47,59.23
485,Hawkins,Roseville,Minnesota,Materials & Chemicals,43,69.74,79.21,59.38,70.71
486,Energizers,Saint Louis,Missouri,Consumer Goods,41,69.69,54.59,67.79,86.75
487,YETIs,Austin,Texas,Consumer Goods,42,69.64,67.03,66.67,75.3
488,DiamondRock Hospitality,Bethesda,Maryland,Real Estate & Housing,41,69.61,81.72,62.79,64.41
489,Tyson Foods,Springdale,Arkansas,Consumer Goods,43,69.57,70.47,59.72,78.59
490,Honeywell International,Charlotte,North Carolina,Capital Goods,57,69.55,74.96,61.41,72.37
491,Advanced Drainage Systems,Hilliard,Ohio,Energy & Utilities,46,69.54,71.37,66.03,71.27
492,United Parcel Service,Atlanta,Georgia,Transport & Logistics,13,69.52,54.6,74.37,79.65
493,Wabash National,Lafayette,Indiana,Capital Goods,58,69.45,66.52,62.88,79.02
494,Citrix Systems,Fort Lauderdale,Florida,Software & Telecommunications,45,69.42,66.98,64.16,77.2
495,Veritiv,Atlanta,Georgia,Materials & Chemicals,44,69.36,70.47,61.55,76.14
496,Reliance Worldwide Corporation,Atlanta,Georgia,Capital Goods,59,69.35,73.27,63.91,70.96
497,GoDaddy,Tempe,Arizona,Software & Telecommunications,46,69.35,68.39,55.63,84.11
498,Callaway,Carlsbad,California,Consumer Goods,44,69.35,81.32,60.83,65.97
499,Interface,Atlanta,Georgia,Professional Services,22,69.34,61.9,62.15,84.04
500,Horace Mann Educators,Springfield,Illinois,Financial,44,69.32,72.79,69.2,66.05
501,Discover,Riverwoods,Illinois,Financial,45,69.3,78.37,66.91,62.69
502,Alaska Air,Seattle,Washington,Transport & Logistics,14,69.28,67.78,67.36,72.77
503,Dexcom,San Diego,California,Health Care & Life Sciences,42,69.27,74.64,57.72,75.51
504,Ventas,Chicago,Illinois,Real Estate & Housing,42,69.27,68.66,64.96,74.25
505,The ODP,Boca Raton,Florida,Retail,18,69.26,67.58,66.31,73.95
506,Pactiv Evergreen,Lake Forest,Illinois,Materials & Chemicals,45,69.25,74.67,63.45,69.7
507,Movado,Paramus,New Jersey,Consumer Goods,45,69.2,52.11,71.86,83.69
508,Sealed Air,Charlotte,North Carolina,Materials & Chemicals,46,69.18,69.15,61.4,77.06
509,Caesars Entertainment,Reno,Nevada,"Hotels, Dining & Leisure",15,69.13,63.23,81.46,62.77
510,First Horizon,Memphis,Tennessee,Financial,46,69.12,69.22,64.71,73.51
511,Advanced Energy Industries,Denver,Colorado,Energy & Utilities,47,69.12,70.57,62.61,74.24
512,Haemonetics,Boston,Massachusetts,Health Care & Life Sciences,43,69.1,62.81,71.7,72.85
513,Denbury,Plano,Texas,Energy & Utilities,48,69.09,58.91,70.81,77.61
514,Trex,Winchester,Virginia,Capital Goods,60,69.01,72.91,68.11,66.08
515,Park Hotels & Resorts,Tysons,Virginia,Real Estate & Housing,43,68.96,70.34,65.43,71.17
516,Applied Industrial Technologies,Cleveland,Ohio,Capital Goods,61,68.82,61.35,62.35,82.82
517,Marriott Vacations Worldwide,Orlando,Florida,"Hotels, Dining & Leisure",16,68.79,62.45,62.54,81.45
518,BWX Technologies,Lynchburg,Virginia,Capital Goods,62,68.76,68.2,62.77,75.38
519,Pacific Premier,Irvine,California,Financial,47,68.75,55.83,74.7,75.78
520,American Airlines,Fort Worth,Texas,Transport & Logistics,15,68.72,69.18,67.73,69.34
521,KB Home,Los Angeles,California,Real Estate & Housing,44,68.68,56.36,73.59,76.16
522,McGRATH,Livermore,California,Capital Goods,63,68.67,80.57,58.88,66.64
523,Cousins Properties,Atlanta,Georgia,Real Estate & Housing,45,68.65,70.89,65.19,69.94
524,Ulta Beauty,Bolingbrook,Illinois,Retail,19,68.61,68.85,68.06,68.99
525,Manitowoc,Milwaukee,Wisconsin,Capital Goods,64,68.59,77.32,61,67.54
526,Renewable Energy Group,Ames,Iowa,Energy & Utilities,49,68.57,78.31,73.15,54.33
527,Taylor Morrison,Scottsdale,Arizona,Real Estate & Housing,46,68.55,48.6,67,90.11
528,Antero Midstream,Denver,Colorado,Energy & Utilities,50,68.55,61.57,78.41,65.73
**,Winnebago Industries,Eden Prairie,Minnesota,Automotive & Components,**,68.55,61.31,55.03,89.36
529,ConocoPhillips,Houston,Texas,Energy & Utilities,51,68.53,75.98,54.29,75.4
530,Unifi,Greensboro,North Carolina,Materials & Chemicals,47,68.51,80.44,47.9,77.26
531,Valvoline,Lexington,Kentucky,Automotive & Components,16,68.5,67.9,60.42,77.25
532,Blackbaud,Charleston,South Carolina,Software & Telecommunications,47,68.49,82.76,43.88,78.91
533,Progress Software,Burlington,Massachusetts,Software & Telecommunications,48,68.41,80.3,45.16,79.86
534,Entegris,Billerica,Massachusetts,Health Care & Life Sciences,44,68.38,77.58,53.44,74.19
535,Trimble,Sunnyvale,California,Software & Telecommunications,49,68.36,68.66,69.94,66.56
536,Brookfield Business,New York,New York,Capital Goods,65,68.36,71.73,56.57,76.84
537,Chart Industries,Ball Ground,Georgia,Capital Goods,66,68.33,75.07,63.28,66.7
538,Knight-Swift Transportation,Phoenix,Arkansas,Transport & Logistics,16,68.27,61.65,67.84,75.39
539,Consolidated Communications,Mattoon,Illinois,Software & Telecommunications,50,68.27,70.82,69.66,64.39
540,Ally Financial,Detroit,Michigan,Financial,48,68.26,57.91,70.67,76.26
541,The Container Store,Coppell,Texas,Retail,20,68.26,77.7,52.19,74.95
542,Flowserve,Irving,Texas,Capital Goods,67,68.2,68.25,54.99,81.42
543,Vontier,Raleigh,North Carolina,Technology Hardware,55,68.14,60.66,69.46,74.37
544,Qorvo,Greensboro,North Carolina,Technology Hardware,55,68.14,78.73,54.76,71.02
545,Arcosa,Dallas,Texas,Capital Goods,68,68.13,66.01,63.46,74.98
546,The AZEK,Chicago,Illinois,Capital Goods,69,68.1,59.77,67.82,76.78
547,Spirit AeroSystemss,Wichita,Kansas,Capital Goods,70,68.09,74.5,68.59,61.26
548,Synchrony Financial,Stamford,Connecticut,Financial,49,68.09,66.44,71.13,66.77
549,Spectrum Brands,Middleton,Wisconsin,Consumer Goods,46,68.09,65.87,59.51,78.96
550,Paycom Software,Oklahoma City,Oklahoma,Software & Telecommunications,51,68.04,66.57,55.4,82.23
551,Truist Financial Corporation,Charlotte,North Carolina,Financial,50,68,58.41,73,72.63
552,Automatic Data Processing,Roseland,New Jersey,Software & Telecommunications,52,67.97,66.16,61.88,75.95
553,The Cheesecake Factory,Calabasas,California,"Hotels, Dining & Leisure",17,67.97,78.74,55.23,70.02
554,Ashland,Wilmington,Delaware,Materials & Chemicals,48,67.95,75.36,45.48,83.09
555,Ameriprise Financial,Minneapolis,Minnesota,Financial,51,67.93,62.29,56.11,85.47
556,NRG Energy,Houston,Texas,Energy & Utilities,52,67.93,58.47,74.54,70.84
557,Jefferies Financial,New York,New York,Financial,52,67.91,69.66,55.58,78.56
558,Black Knight,Jacksonville,Florida,Financial,53,67.9,75.68,63.84,64.25
559,Wabtec,Pittsburgh,Pennsylvania,Transport & Logistics,17,67.77,69.38,48.45,85.54
560,LKQ,Chicago,Illinois,Retail,21,67.73,69.83,58.76,74.67
561,Cooper Companies,San Ramon,California,Health Care & Life Sciences,45,67.66,68.83,70.9,63.31
562,Mondelez International,Chicago,Illinois,Consumer Goods,47,67.61,68.15,71.66,63.1
563,Performance Food,Richmond,Virginia,Retail,22,67.57,64.17,67,71.61
564,Vulcan Materials,Birmingham,Alabama,Capital Goods,71,67.57,67.47,78.92,56.38
565,Acuity Brands,Atlanta,Georgia,Capital Goods,72,67.39,79.69,56.51,66.05
566,Semtech,Camarillo,California,Technology Hardware,57,67.37,62.3,74.64,65.24
567,Ducommun,Santa Ana,California,Capital Goods,73,67.27,72.24,68.09,61.56
568,Allegiant Travel,Las Vegas,Nevada,Transport & Logistics,18,67.25,42.07,76.32,83.4
569,Union Pacific,Omaha,Nebraska,Transport & Logistics,19,67.21,74.58,55.39,71.72
570,Meritor,Troy,Michigan,Automotive & Components,17,67.2,67.1,62.58,72
571,Tyler Technologies,Plano,Texas,Software & Telecommunications,53,67.2,70.03,74.82,56.81
572,Bath & Body Works,Columbus,Ohio,Retail,23,67.17,69.28,63.47,68.83
573,Varex Imaging,Salt Lake City,Utah,Health Care & Life Sciences,46,67.01,81,48.29,71.81
574,Standard Motor Products,Long Island City,New York,Automotive & Components,18,66.99,77.52,64.32,59.21
575,IDACORP,Boise,Idaho,Energy & Utilities,53,66.97,61.2,73.31,66.45
576,Royal Gold,Denver,Colorado,Energy & Utilities,54,66.96,58.21,70.58,72.13
577,Papa John's International,Louisville,Kentucky,"Hotels, Dining & Leisure",18,66.92,62.24,63.08,75.5
578,EOG Resources,Houston,Texas,Energy & Utilities,55,66.92,60.82,80.95,59.06
579,NextEra Energy,Juno Beach,Florida,Energy & Utilities,56,66.89,51.49,84.6,64.63
580,Albany International,Rochester,New Hampshire,Capital Goods,74,66.88,60.72,62.97,77
581,Axalta Coating Systems,Glen Mills,Pennsylvania,Materials & Chemicals,49,66.87,72.66,57.97,70.07
582,STORE Capital,Scottsdale,Arkansas,Real Estate & Housing,47,66.87,56.13,63.33,81.21
583,Tronox,Stamford,Connecticut,Materials & Chemicals,50,66.84,55.77,67.39,77.41
584,Extra Space Storage,Salt Lake City,Utah,Real Estate & Housing,48,66.83,85.18,47.55,67.84
585,Alamo Group,Seguin,Texas,Transport & Logistics,20,66.79,81.96,51.32,67.18
586,Mission Produce,Oxnard,California,Consumer Goods,48,66.77,67.12,61.45,71.79
587,Carlisle Companies,Scottsdale,Arizona,Materials & Chemicals,51,66.75,74.98,57.44,67.9
588,MSA Safety,Cranberry Township,Pennsylvania,Professional Services,23,66.6,90.15,54.75,54.99
589,Archrock,Houston,Texas,Energy & Utilities,57,66.48,56.05,72.25,71.21
590,Dorman Products,Colmar,Pennsylvania,Automotive & Components,19,66.46,73.6,57.93,67.93
591,Upbound,Plano,Texas,Retail,24,66.32,55.38,66.16,77.49
592,Highwoods Properties,Raleigh,North Carolina,Real Estate & Housing,49,66.28,66.56,64.14,68.21
593,Kroger,Cincinnati,Ohio,Retail,25,66.27,82.28,52.85,63.76
594,Modine Manufacturing,Racine,Wisconsin,Capital Goods,75,66.19,72.24,51.06,75.34
595,Brady,Milwaukee,Wisconsin,Professional Services,24,66.17,62.17,63.74,72.67
596,Planet Fitness,Hampton,New Hampshire,"Hotels, Dining & Leisure",19,66.15,70.19,64.58,63.75
597,New Jersey Resources,Wall,New Jersey,Energy & Utilities,58,66.09,58.6,72.58,67.16
598,F5,Seattle,Washington,Software & Telecommunications,54,66.09,70.19,59.05,69.1
599,Novanta,Bedford,Massachusetts,Health Care & Life Sciences,47,66.04,78.38,44.31,75.5
600,Steel Dynamics,Fort Wayne,Indiana,Energy & Utilities,59,65.99,66.14,69.91,61.98