Rank,Company,Industry,City,State,Zip,Website,Employees,Revenue (in millions),Valuation (in millions),Profits (in millions),Ticker,CEO
1,Walmart,General Merchandisers,Bentonville,Arkansas,72716,walmart.com,"2,100,000","$648,125","$484,853","$15,511",WMT,Douglas Mcmillon
2,Amazon,Internet Services and Retailing,Seattle,Washington,98109,amazon.com,"1,525,000","$574,785","$1,873,676","$30,425",AMZN,Andrew R. Jassy
3,Apple,"Computers, Office Equipment",Cupertino,California,95014,apple.com,"161,000","$383,285","$2,647,974","$96,995",AAPL,Timothy D. Cook
4,UnitedHealth Group,Health Care: Insurance and Managed Care,Minnetonka,Minnesota,55343,unitedhealthgroup.com,"440,000","$371,622","$456,081","$22,381",UNH,Andrew P. Witty
5,Berkshire Hathaway,Insurance: Property and Casualty (Stock),Omaha,Nebraska,68131,berkshirehathaway.com,"396,500","$364,482","$908,920","$96,223",BRKA,Warren E. Buffett
6,CVS Health,Health Care: Pharmacy and Other Services,Woonsocket,Rhode Island,2895,cvshealth.com,"259,500","$357,776","$100,374","$8,344",CVS,Karen S. Lynch
7,Exxon Mobil,Petroleum Refining,Spring,Texas,77389,exxonmobil.com,"61,500","$344,582","$461,222","$36,010",XOM,Darren W. Woods
8,Alphabet,Internet Services and Retailing,Mountain View,California,94043,abc.xyz,"182,502","$307,394","$1,884,633","$73,795",GOOGL,Sundar Pichai
9,McKesson,Wholesalers: Health Care,Irving,Texas,75039,mckesson.com,"48,000","$276,711","$70,547","$3,560",MCK,Brian S. Tyler
10,Cencora,Wholesalers: Health Care,Conshohocken,Pennsylvania,19428,cencora.com,"44,000","$262,173","$48,472","$1,745",COR,Steven H. Collis
11,Costco,General Merchandisers,Issaquah,Washington,98027,costco.com,"316,000","$242,290","$324,924","$6,292",COST,Ron M. Vachris
12,JPMorgan Chase,Commercial Banks,New York,New York,10179,jpmorganchase.com,"309,926","$239,425","$576,938","$49,552",JPM,Jamie Dimon
13,Microsoft,Computer Software,Redmond,Washington,98052,microsoft.com,"221,000","$211,915","$3,126,133","$72,361",MSFT,Satya Nadella
14,Cardinal Health,Wholesalers: Health Care,Dublin,Ohio,43017,cardinalhealth.com,"47,520","$205,012","$27,218",$261,CAH,Jason M. Hollar
15,Chevron,Petroleum Refining,San Ramon,California,94583,chevron.com,"45,600","$200,949","$292,966","$21,369",CVX,Michael K. Wirth
16,Cigna Group,Health Care: Pharmacy and Other Services,Bloomfield,Connecticut,6002,thecignagroup.com,"71,413","$195,265","$103,018","$5,164",CI,David M. Cordani
17,Ford Motor,Motor Vehicles & Parts,Dearborn,Michigan,48126,ford.com,"177,000","$176,191","$53,018","$4,347",F,Jim Farley
18,Bank of America,Commercial Banks,Charlotte,North Carolina,28255,bankofamerica.com,"212,985","$171,912","$299,213","$26,515",BAC,Brian T. Moynihan
19,General Motors,Motor Vehicles & Parts,Detroit,Michigan,48265,gm.com,"163,000","$171,842","$52,354","$10,127",GM,Mary T. Barra
20,Elevance Health,Health Care: Insurance and Managed Care,Indianapolis,Indiana,46204,elevancehealth.com,"104,900","$171,340","$120,620","$5,987",ELV,Gail K. Boudreaux
21,Citigroup,Commercial Banks,New York,New York,10013,citigroup.com,"237,925","$156,820","$121,122","$9,228",C,Jane Fraser
22,Centene,Health Care: Insurance and Managed Care,St. Louis,Missouri,63105,centene.com,"67,700","$153,999","$41,979","$2,702",CNC,Sarah M. London
23,Home Depot,Specialty Retailers: Other,Atlanta,Georgia,30339,homedepot.com,"463,100","$152,669","$380,154","$15,143",HD,Edward P. Decker
24,Marathon Petroleum,Petroleum Refining,Findlay,Ohio,45840,marathonpetroleum.com,"18,200","$150,307","$72,608","$9,681",MPC,Michael J. Hennigan
25,Kroger,Food & Drug Stores,Cincinnati,Ohio,45202,thekrogerco.com,"414,000","$150,039","$41,101","$2,164",KR,Rodney Mcmullen
26,Phillips 66,Petroleum Refining,Houston,Texas,77042,phillips66.com,"14,000","$149,890","$69,881","$7,015",PSX,Mark Lashier
27,Fannie Mae,Diversified Financials,Washington,District Of Columbia,20005,fanniemae.com,"8,100","$141,240","$1,818","$17,408",FNMA,Priscilla Almodovar
28,Walgreens Boots Alliance,Food & Drug Stores,Deerfield,Illinois,60015,walgreensbootsalliance.com,"268,500","$139,081","$18,712","-$3,080",WBA,Timothy Wentworth
29,Valero Energy,Petroleum Refining,San Antonio,Texas,78249,valero.com,"9,897","$139,001","$56,235","$8,835",VLO,R. Lane Riggs
30,Meta Platforms,Internet Services and Retailing,Menlo Park,California,94025,https://fb.com,"67,317","$134,902","$1,237,940","$39,098",META,Mark Zuckerberg
31,Verizon Communications,Telecommunications,New York,New York,10036,verizon.com,"105,400","$133,974","$176,652","$11,614",VZ,Hans E. Vestberg
32,AT&T,Telecommunications,Dallas,Texas,75202,att.com,"150,470","$122,428","$125,889","$14,400",T,John T. Stankey
33,Comcast,Telecommunications,Philadelphia,Pennsylvania,19103,comcastcorporation.com,"186,000","$121,572","$172,180","$15,388",CMCSA,Brian L. Roberts
34,Wells Fargo,Commercial Banks,San Francisco,California,94104,wellsfargo.com,"226,000","$115,340","$205,202","$19,142",WFC,Charles W. Scharf
35,Goldman Sachs Group,Commercial Banks,New York,New York,10282,goldmansachs.com,"45,300","$108,418","$135,552","$8,516",GS,David M. Solomon
36,Freddie Mac,Diversified Financials,McLean,Virginia,22102,freddiemac.com,"8,020","$108,050",$878,"$10,538",FMCC,Michael T. Hutchins
37,Target,General Merchandisers,Minneapolis,Minnesota,55403,target.com,"415,000","$107,412","$81,816","$4,138",TGT,Brian C. Cornell
38,Humana,Health Care: Insurance and Managed Care,Louisville,Kentucky,40202,humana.com,"67,600","$106,374","$41,797","$2,489",HUM,Bruce D. Broussard
39,State Farm Insurance,Insurance: Property and Casualty (Mutual),Bloomington,Illinois,61710,statefarm.com,"65,054","$104,199",,"-$6,272",,Michael L. Tipsord
40,Tesla,Motor Vehicles & Parts,Austin,Texas,78725,tesla.com,"140,473","$96,773","$559,854","$14,997",TSLA,Elon Musk
41,Morgan Stanley,Commercial Banks,New York,New York,10036,morganstanley.com,"80,006","$96,194","$153,977","$9,087",MS,Edward N. Pick
42,Johnson & Johnson,Pharmaceuticals,New Brunswick,New Jersey,8933,jnj.com,"131,900","$95,195","$381,204","$35,153",JNJ,Joaquin Duato
43,Archer Daniels Midland,Food Production,Chicago,Illinois,60601,adm.com,"41,008","$93,935","$32,024","$3,483",ADM,Juan R. Luciano
44,PepsiCo,Food Consumer Products,Purchase,New York,10577,pepsico.com,"318,000","$91,471","$240,553","$9,074",PEP,Ramon L. Laguarta
45,United Parcel Service,"Mail, Package and Freight Delivery",Atlanta,Georgia,30328,ups.com,"382,550","$90,958","$126,829","$6,708",UPS,Carol B. Tome
46,FedEx,"Mail, Package and Freight Delivery",Memphis,Tennessee,38120,fedex.com,"446,400","$90,155","$71,299","$3,972",FDX,Rajesh Subramaniam
47,Walt Disney,Entertainment,Burbank,California,91521,thewaltdisneycompany.com,"199,125","$88,898","$224,445","$2,354",DIS,Robert A. Chapek
48,Dell Technologies,"Computers, Office Equipment",Round Rock,Texas,78682,delltechnologies.com,"120,000","$88,425","$81,451","$3,211",DELL,Michael S. Dell
49,Lowe's,Specialty Retailers: Other,Mooresville,North Carolina,28117,lowes.com,"226,000","$86,377","$145,753","$7,726",LOW,Marvin R. Ellison
50,Procter & Gamble,Household and Personal Products,Cincinnati,Ohio,45202,pginvestor.com,"107,000","$82,006","$381,778","$14,653",PG,Jon R. Moeller
51,Energy Transfer,Pipelines,Dallas,Texas,75225,energytransfer.com,"13,786","$78,586","$52,975","$3,935",ET,Thomas E. Long
52,Boeing,Aerospace & Defense,Arlington,Virginia,22202,boeing.com,"171,000","$77,794","$117,750","-$2,222",BA,David L. Calhoun
53,Albertsons,Food & Drug Stores,Boise,Idaho,83706,albertsonscompanies.com,"198,650","$77,650","$12,350","$1,514",ACI,Vivek Sankaran
54,Sysco,Wholesalers: Food and Grocery,Houston,Texas,77077,sysco.com,"71,750","$76,325","$40,414","$1,770",SYY,Kevin P. Hourican
55,RTX,Aerospace & Defense,Arlington,Virginia,22209,rtx.com,"185,000","$68,920","$129,680","$3,195",RTX,Christopher T. Calio
56,General Electric,Industrial Machinery,Boston,Massachusetts,2111,ge.com,"125,000","$67,954","$191,901","$9,481",GE,Lawrence Culp
57,Lockheed Martin,Aerospace & Defense,Bethesda,Maryland,20817,lockheedmartin.com,"122,000","$67,571","$109,394","$6,920",LMT,James D. Taiclet Jr.
58,American Express,Diversified Financials,New York,New York,10285,americanexpress.com,"74,600","$67,364","$163,946","$8,374",AXP,Stephen J. Squeri
59,Caterpillar,Construction and Farm Machinery,Irving,Texas,75039,caterpillar.com,"113,200","$67,060","$182,987","$10,335",CAT,James Umpleby
60,MetLife,"Insurance: Life, Health (Stock)",New York,New York,10166,metlife.com,"45,000","$66,905","$53,583","$1,578",MET,Michel A. Khalaf
61,HCA Healthcare,Health Care: Medical Facilities,Nashville,Tennessee,37203,hcahealthcare.com,"265,000","$64,968","$88,214","$5,242",HCA,Samuel N. Hazen
62,Progressive,Insurance: Property and Casualty (Stock),Mayfield Village,Ohio,44143,progressive.com,"61,432","$62,109","$121,134","$3,902",PGR,Susan Patricia Griffith
63,International Business Machines,Information Technology Services,Armonk,New York,10504,ibm.com,"296,600","$61,860","$175,062","$7,502",IBM,Arvind Krishna
64,Deere,Construction and Farm Machinery,Moline,Illinois,61265,deere.com,"82,956","$61,251","$114,333","$10,166",DE,John C. May
65,Nvidia,Semiconductors and Other Electronic Components,Santa Clara,California,95051,nvidia.com,"29,600","$60,922","$2,258,900","$29,760",NVDA,Jen-Hsun Huang
66,StoneX Group,Diversified Financials,New York,New York,10169,stonex.com,"4,137","$60,856","$2,217",$239,SNEX,Sean M. O'Connor
67,Merck,Pharmaceuticals,Rahway,New Jersey,7065,merck.com,"71,000","$60,115","$334,182",$365,MRK,Robert M. Davis
68,ConocoPhillips,"Mining, Crude-Oil Production",Houston,Texas,77079,conocophillips.com,"9,900","$58,574","$149,733","$10,957",COP,Ryan M. Lance
69,Pfizer,Pharmaceuticals,New York,New York,10001,pfizer.com,"88,000","$58,496","$157,136","$2,119",PFE,Albert Bourla
70,Delta Air Lines,Airlines,Atlanta,Georgia,30354,delta.com,"103,000","$58,048","$30,796","$4,609",DAL,Edward H. Bastian
71,TD Synnex,Wholesalers: Electronics and Office Equipment,Fremont,California,94538,tdsynnex.com,"28,000","$57,555","$9,857",$627,SNX,Richard T. Hume
72,Publix Super Markets,Food & Drug Stores,Lakeland,Florida,33811,publix.com,"253,000","$57,534",,"$4,349",,Kevin S. Murphy
73,Allstate,Insurance: Property and Casualty (Stock),Northbrook,Illinois,60062,allstate.com,"53,200","$57,094","$45,513",-$188,ALL,Thomas J. Wilson
74,Cisco Systems,Network and Other Communications Equipment,San Jose,California,95134,cisco.com,"84,900","$56,998","$202,095","$12,613",CSCO,Charles H. Robbins
75,Nationwide,Insurance: Property and Casualty (Mutual),Columbus,Ohio,43215,nationwide.com,"24,118","$54,609",,-$45,,Kirt A. Walker
76,Charter Communications,Telecommunications,Stamford,Connecticut,6902,charter.com,"101,100","$54,607","$51,316","$4,557",CHTR,Christopher L. Winfrey
77,AbbVie,Pharmaceuticals,North Chicago,Illinois,60064,abbvie.com,"50,000","$54,318","$322,435","$4,863",ABBV,Richard A. Gonzalez
78,New York Life Insurance,"Insurance: Life, Health (Mutual)",New York,New York,10010,newyorklife.com,"15,384","$54,317",,$805,,Craig Desanto
79,Intel,Semiconductors and Other Electronic Components,Santa Clara,California,95054,intel.com,"124,800","$54,228","$188,026","$1,689",INTC,Patrick P. Gelsinger
80,TJX,Specialty Retailers: Apparel,Framingham,Massachusetts,1701,tjx.com,"349,000","$54,217","$115,586","$4,474",TJX,Ernie L. Herrman
81,Prudential Financial,"Insurance: Life, Health (Stock)",Newark,New Jersey,7102,prudential.com,"40,366","$53,979","$42,191","$2,488",PRU,Charles F. Lowrey
82,HP,"Computers, Office Equipment",Palo Alto,California,94304,hp.com,"58,000","$53,718","$29,570","$3,263",HPQ,Enrique J. Lores
83,United Airlines Holdings,Airlines,Chicago,Illinois,60606,united.com,"103,300","$53,717","$15,706","$2,618",UAL,Scott Kirby
84,Performance Food Group,Wholesalers: Food and Grocery,Richmond,Virginia,23238,pfgc.com,"34,825","$53,355","$11,613",$397,PFGC,George L. Holm
85,Tyson Foods,Food Production,Springdale,Arkansas,72762,tysonfoods.com,"139,000","$52,881","$20,928",-$648,TSN,Donnie D. King
86,American Airlines Group,Airlines,Fort Worth,Texas,76155,aa.com,"132,100","$52,788","$10,051",$822,AAL,Robert D. Isom
87,Liberty Mutual Insurance Group,Insurance: Property and Casualty (Stock),Boston,Massachusetts,2116,libertymutual.com,"45,000","$52,612",,$213,,Timothy Sweeney
88,Nike,Apparel,Beaverton,Oregon,97005,investors.nike.com,"83,700","$51,217","$142,391","$5,070",NKE,John Donahoe
89,Oracle,Computer Software,Austin,Texas,78741,oracle.com,"164,000","$49,954","$345,241","$8,503",ORCL,Safra A. Catz
90,Enterprise Products Partners,Pipelines,Houston,Texas,77002,enterpriseproducts.com,"7,500","$49,715","$63,269","$5,532",EPD,James Teague
91,Capital One Financial,Commercial Banks,McLean,Virginia,22102,capitalone.com,"51,987","$49,484","$56,891","$4,887",COF,Richard D. Fairbank
92,Plains GP Holdings,Pipelines,Houston,Texas,77002,plains.com,"4,200","$48,712","$3,598",$198,PAGP,Wilfred C.W. Chiang
93,World Kinect,Energy,Miami,Florida,33178,world-kinect.com,"5,289","$47,711","$1,583",$53,WKC,Michael J. Kasbar
94,American International Group,Insurance: Property and Casualty (Stock),New York,New York,10020,aig.com,"25,200","$46,802","$53,230","$3,643",AIG,Peter S. Zaffino
95,Coca-Cola,Beverages,Atlanta,Georgia,30313,coca-colacompany.com,"79,100","$45,754","$263,759","$10,714",KO,James R. Quincey
96,TIAA,"Insurance: Life, Health (Mutual)",New York,New York,10017,tiaa.org,"16,023","$45,735",,"-$1,409",,Thasunda Brown Duckett
97,CHS,Food Production,Inver Grove Heights,Minnesota,55077,chsinc.com,"10,609","$45,590",,"$1,900",,Jay D. Debertin
98,Bristol-Myers Squibb,Pharmaceuticals,Princeton,New Jersey,8543,bms.com,"34,100","$45,006","$109,911","$8,025",BMY,Christopher S. Boerner
99,Dow,Chemicals,Midland,Michigan,48674,dow.com,"35,900","$44,622","$40,740",$589,DOW,James R. Fitterling
100,Best Buy,Specialty Retailers: Other,Richfield,Minnesota,55423,investors.bestbuy.com,"85,000","$43,452","$17,668","$1,241",BBY,Corie S. Barry
101,Thermo Fisher Scientific,"Scientific, Photographic and Control Equipment",Waltham,Massachusetts,2451,thermofisher.com,"122,000","$42,857","$221,623","$5,995",TMO,Marc N. Casper
102,Massachusetts Mutual Life Insurance,"Insurance: Life, Health (Mutual)",Springfield,Massachusetts,1111,massmutual.com,"11,323","$42,641",,-$772,,Roger W. Crandall
103,United Services Automobile Assn.,Insurance: Property and Casualty (Stock),San Antonio,Texas,78288,usaa.com,"37,376","$42,493",,"$1,214",,Wayne Peacock
104,General Dynamics,Aerospace & Defense,Reston,Virginia,20190,gd.com,"111,600","$42,272","$77,506","$3,315",GD,Phebe N. Novakovic
105,Travelers,Insurance: Property and Casualty (Stock),New York,New York,10017,travelers.com,"33,133","$41,364","$52,731","$2,991",TRV,Alan Schnitzer
106,Warner Bros. Discovery,Entertainment,New York,New York,10003,https://wbd.com,"35,300","$41,321","$21,299","-$3,126",WBD,David M. Zaslav
107,U.S. Bancorp,Commercial Banks,Minneapolis,Minnesota,55402,usbank.com,"75,465","$40,624","$69,657","$5,429",USB,Andrew J. Cecere
108,Abbott Laboratories,Medical Products and Equipment,Abbott Park,Illinois,60064,abbott.com,"114,000","$40,109","$197,221","$5,723",ABT,Robert B. Ford
109,Northrop Grumman,Aerospace & Defense,Falls Church,Virginia,22042,northropgrumman.com,"101,000","$39,290","$70,909","$2,056",NOC,Kathy Warden
110,Northwestern Mutual,"Insurance: Life, Health (Mutual)",Milwaukee,Wisconsin,53202,northwesternmutual.com,"8,239","$38,788",,$711,,John Schlifske
111,Dollar General,Specialty Retailers: Other,Goodlettsville,Tennessee,37072,dollargeneral.com,"185,800","$38,692","$34,282","$1,661",DG,Todd J. Vasos
112,PBF Energy,Petroleum Refining,Parsippany,New Jersey,7054,pbfenergy.com,"3,776","$38,325","$6,860","$2,141",PBF,Matthew C. Lucey
113,Uber Technologies,Internet Services and Retailing,San Francisco,California,94158,uber.com,"30,400","$37,281","$160,258","$1,887",UBER,Dara Khosrowshahi
114,Honeywell International,Industrial Machinery,Charlotte,North Carolina,28202,honeywell.com,"95,000","$36,662","$133,860","$5,658",HON,Vimal Kapur
115,Mondelez International,Food Consumer Products,Chicago,Illinois,60607,mondelezinternational.com,"91,000","$36,016","$94,253","$4,959",MDLZ,Dirk Van De Put
116,Starbucks,Food Services,Seattle,Washington,98134,starbucks.com,"381,000","$35,976","$103,472","$4,125",SBUX,Laxman Narasimhan
117,Qualcomm,Semiconductors and Other Electronic Components,San Diego,California,92121,qualcomm.com,"50,000","$35,820","$188,939","$7,232",QCOM,Cristiano R. Amon
118,Broadcom,Semiconductors and Other Electronic Components,Palo Alto,California,94304,broadcom.com,"20,000","$35,819","$614,223","$14,082",AVGO,Hock E. Tan
119,US Foods Holding,Wholesalers: Food and Grocery,Rosemont,Illinois,60018,usfoods.com,"30,000","$35,597","$13,217",$506,USFD,David Flitman
120,D.R. Horton,Homebuilders,Arlington,Texas,76011,drhorton.com,"13,450","$35,460","$54,601","$4,746",DHI,Paul J. Romanowski
121,Philip Morris International,Tobacco,Stamford,Connecticut,6901,pmi.com,"82,700","$35,174","$142,428","$7,813",PM,Jacek Olczak
122,Paccar,Motor Vehicles & Parts,Bellevue,Washington,98004,paccar.com,"32,400","$35,127","$64,920","$4,601",PCAR,Preston Feight
123,Salesforce,Computer Software,San Francisco,California,94105,salesforce.com,"72,682","$34,857","$292,145","$4,136",CRM,Marc R. Benioff
124,Nucor,Metals,Charlotte,North Carolina,28211,nucor.com,"32,000","$34,714","$47,492","$4,525",NUE,Leon J. Topalian
125,Jabil,Semiconductors and Other Electronic Components,St. Petersburg,Florida,33716,jabil.com,"236,000","$34,702","$17,085",$818,JBL,Kenneth S. Wilson
126,Lennar,Homebuilders,Miami,Florida,33126,lennar.com,"12,284","$34,233","$47,375","$3,939",LEN,Jonathan M. Jaffe
127,Eli Lilly,Pharmaceuticals,Indianapolis,Indiana,46285,lilly.com,"43,000","$34,124","$739,658","$5,240",LLY,David A. Ricks
128,Molina Healthcare,Health Care: Insurance and Managed Care,Long Beach,California,90802,molinahealthcare.com,"18,000","$34,072","$24,068","$1,091",MOH,Joseph M. Zubretsky
129,Cummins,Industrial Machinery,Columbus,Indiana,47201,cummins.com,"75,500","$34,065","$41,798",$735,CMI,Jennifer Rumsey
130,Bank of New York Mellon,Commercial Banks,New York,New York,10286,bnymellon.com,"53,400","$33,805","$43,380","$3,286",BK,Robin Vince
131,Netflix,Entertainment,Los Gatos,California,95032,netflix.com,"13,000","$33,723","$262,828","$5,408",NFLX,Ted Sarandos
132,Truist Financial,Commercial Banks,Charlotte,North Carolina,28202,truist.com,"49,935","$33,246","$52,022","-$1,091",TFC,William H. Rogers Jr.
133,Arrow Electronics,Wholesalers: Electronics and Office Equipment,Centennial,Colorado,80112,arrow.com,"22,100","$33,107","$6,988",$904,ARW,Sean J. Kerins
134,3M,Chemicals,St. Paul,Minnesota,55144,3m.com,"85,000","$32,681","$58,695","-$6,995",MMM,William M. Brown
135,Visa,Financial Data Services,San Francisco,California,94105,visa.com,"28,800","$32,653","$560,848","$17,273",V,Ryan Mcinerney
136,Apollo Global Management,Securities,New York,New York,10019,apollo.com,"6,855","$32,644","$63,890","$5,047",APO,Marc Rowan
137,HF Sinclair,Petroleum Refining,Dallas,Texas,75201,hfsinclair.com,"5,218","$31,964","$11,988","$1,590",DINO,Tim Go
138,CBRE Group,Real Estate,Dallas,Texas,75201,cbre.com,"130,000","$31,949","$29,726",$986,CBRE,Robert E. Sulentic
139,PNC Financial Services Group,Commercial Banks,Pittsburgh,Pennsylvania,15222,pnc.com,"55,612","$31,882","$64,292","$5,578",PNC,William S. Demchak
140,Lithia Motors,"Automotive Retailing, Services",Medford,Oregon,97501,https://investors.lithiadriveway.com,"25,051","$31,311","$8,283","$1,001",LAD,Bryan B. Deboer
141,CarMax,"Automotive Retailing, Services",Richmond,Virginia,23238,carmax.com,"30,621","$31,126","$13,757",$485,KMX,William D. Nash
142,Paramount Global,Entertainment,New York,New York,10036,paramount.com,"24,150","$30,610","$8,099",-$608,PARA,Robert M. Bakish
143,Dollar Tree,Specialty Retailers: Other,Chesapeake,Virginia,23320,dollartree.com,"138,860","$30,604","$29,024",-$998,DLTR,Richard W. Dreiling
144,United Natural Foods,Wholesalers: Food and Grocery,Providence,Rhode Island,2908,unfi.com,"29,455","$30,272",$683,$24,UNFI,Sandy Douglas
145,PayPal Holdings,Financial Data Services,San Jose,California,95131,paypal.com,"27,200","$29,771","$71,796","$4,246",PYPL,Alex Chriss
146,Penske Automotive Group,"Automotive Retailing, Services",Bloomfield Hills,Michigan,48302,penskeautomotive.com,"28,000","$29,527","$10,861","$1,053",PAG,Roger S. Penske
147,Hewlett Packard Enterprise,"Computers, Office Equipment",Spring,Texas,77389,hpe.com,"62,000","$29,135","$23,049","$2,025",HPE,Antonio F. Neri
148,Duke Energy,Utilities: Gas and Electric,Charlotte,North Carolina,28202,duke-energy.com,"27,037","$28,932","$74,608","$2,841",DUK,Lynn J. Good
149,Occidental Petroleum,"Mining, Crude-Oil Production",Houston,Texas,77046,oxy.com,"12,570","$28,918","$57,611","$4,696",OXY,Vicki Hollub
150,NRG Energy,Energy,Houston,Texas,77002,nrg.com,"18,131","$28,823","$14,535",-$202,NRG,Lawrence S. Coben
151,Amgen,Pharmaceuticals,Thousand Oaks,California,91320,amgen.com,"26,700","$28,190","$152,373","$6,717",AMGN,Robert A. Bradway
152,NextEra Energy,Utilities: Gas and Electric,Juno Beach,Florida,33408,nexteraenergy.com,"16,800","$28,114","$131,171","$7,310",NEE,John W. Ketchum
153,Danaher,Medical Products and Equipment,Washington,District Of Columbia,20037,danaher.com,"62,000","$27,602","$184,929","$4,764",DHR,Rainer M. Blair
154,Gilead Sciences,Pharmaceuticals,Foster City,California,94404,gilead.com,"18,000","$27,116","$91,341","$5,665",GILD,Daniel P. O'Day
155,AutoNation,"Automotive Retailing, Services",Fort Lauderdale,Florida,33301,autonation.com,"25,300","$26,949","$6,902","$1,021",AN,Michael M. Manley
156,Kraft Heinz,Food Consumer Products,Chicago,Illinois,60601,kraftheinzcompany.com,"36,000","$26,640","$44,857","$2,855",KHC,Carlos Abrams-Rivera
157,Avnet,Wholesalers: Electronics and Office Equipment,Phoenix,Arizona,85034,avnet.com,"15,800","$26,537","$4,480",$771,AVT,Philip R. Gallagher
158,Applied Materials,Semiconductors and Other Electronic Components,Santa Clara,California,95054,appliedmaterials.com,"34,000","$26,517","$171,356","$6,856",AMAT,Gary E. Dickerson
159,Southwest Airlines,Airlines,Dallas,Texas,75235,southwest.com,"74,806","$26,091","$17,417",$465,LUV,Robert E. Jordan
160,Charles Schwab,Securities,Westlake,Texas,76262,aboutschwab.com,"33,000","$25,521","$131,975","$5,067",SCHW,Walter W. Bettinger
161,Baker Hughes,"Oil and Gas Equipment, Services",Houston,Texas,77079,bakerhughes.com,"58,000","$25,506","$33,530","$1,943",BKR,Lorenzo Simonelli
162,McDonald's,Food Services,Chicago,Illinois,60607,investor.mcdonalds.com,"150,000","$25,494","$203,582","$8,469",MCD,Christopher J. Kempczinski
163,Southern,Utilities: Gas and Electric,Atlanta,Georgia,30308,southerncompany.com,"27,960","$25,253","$78,269","$3,976",SO,Christopher C. Womack
164,Mastercard,Financial Data Services,Purchase,New York,10577,mastercard.com,"33,400","$25,098","$449,253","$11,195",MA,Michael Miebach
165,Constellation Energy,Energy,Baltimore,Maryland,21231,constellationenergy.com,"13,842","$24,918","$58,250","$1,623",CEG,Joseph Dominguez
166,Hartford Financial Services Group,Insurance: Property and Casualty (Stock),Hartford,Connecticut,6155,thehartford.com,"18,700","$24,527","$30,637","$2,504",HIG,Christopher J. Swift
167,PG&E,Utilities: Gas and Electric,Oakland,California,94612,pgecorp.com,"28,010","$24,428","$35,760","$2,242",PCG,Patricia K. Poppe
168,Coupang,Internet Services and Retailing,Seattle,Washington,98101,aboutcoupang.com,"78,000","$24,383","$31,903","$1,360",CPNG,Bom Kim
169,EOG Resources,"Mining, Crude-Oil Production",Houston,Texas,77002,eogresources.com,"3,050","$24,186","$73,536","$7,594",EOG,Ezra Yacob
170,Union Pacific,Railroads,Omaha,Nebraska,68179,up.com,"32,973","$24,119","$150,041","$6,379",UNP,Jim Vena
171,Rite Aid,Food & Drug Stores,Philadelphia,Pennsylvania,19112,riteaid.com,"47,000","$24,092",$9,-$750,RADCQ,Jeffrey S. Stein
172,Macy's,General Merchandisers,New York,New York,10001,macysinc.com,"85,581","$23,866","$5,483",$105,M,Tony Spring
173,Marriott International,"Hotels, Casinos, Resorts",Bethesda,Maryland,20814,marriott.com,"148,000","$23,713","$72,731","$3,083",MAR,Anthony G. Capuano
174,Lear,Motor Vehicles & Parts,Southfield,Michigan,48033,lear.com,"186,600","$23,467","$8,263",$573,LEA,Raymond E. Scott
175,Genuine Parts,Wholesalers: Diversified,Atlanta,Georgia,30339,genpt.com,"60,000","$23,091","$21,601","$1,317",GPC,Paul Donahue
176,Sherwin-Williams,Chemicals,Cleveland,Ohio,44115,sherwin.com,"64,088","$23,052","$88,255","$2,389",SHW,Heidi G. Petz
177,Halliburton,"Oil and Gas Equipment, Services",Houston,Texas,77032,halliburton.com,"48,000","$23,018","$35,088","$2,638",HAL,Jeffrey A. Miller
178,Freeport-McMoRan,"Mining, Crude-Oil Production",Phoenix,Arizona,85004,fcx.com,"27,200","$22,855","$67,446","$1,848",FCX,Richard C. Adkerson
179,Live Nation Entertainment,Entertainment,Beverly Hills,California,90210,livenationentertainment.com,"23,200","$22,749","$24,412",$563,LYV,Michael Rapino
180,Marsh & McLennan,Diversified Financials,New York,New York,10036,marshmclennan.com,"85,000","$22,736","$101,658","$3,756",MMC,John Q. Doyle
181,Advanced Micro Devices,Semiconductors and Other Electronic Components,Santa Clara,California,95054,amd.com,"26,000","$22,680","$291,697",$854,AMD,Lisa T. Su
182,First Citizens BancShares,Commercial Banks,Raleigh,North Carolina,27609,firstcitizens.com,"15,868","$22,466","$23,620","$11,466",FCNCA,Frank B. Holding
183,WESCO International,Wholesalers: Diversified,Pittsburgh,Pennsylvania,15219,wesco.com,"20,000","$22,385","$8,727",$766,WCC,John J. Engel
184,Carrier Global,Industrial Machinery,Palm Beach Gardens,Florida,33418,corporate.carrier.com,"53,000","$22,098","$52,323","$1,349",CARR,David L. Gitlin
185,Cleveland-Cliffs,Metals,Cleveland,Ohio,44114,clevelandcliffs.com,"28,000","$21,996","$11,331",$399,CLF,Lourenco Goncalves
186,Block,Financial Data Services,Oakland,California,94612,block.xyz,"12,985","$21,916","$52,075",$10,SQ,Jack Dorsey
187,Exelon,Utilities: Gas and Electric,Chicago,Illinois,60603,exeloncorp.com,"19,962","$21,727","$37,560","$2,328",EXC,Calvin G. Butler
188,KKR,Securities,New York,New York,10001,kkr.com,"4,490","$21,685","$89,014","$3,732",KKR,Joseph Y. Bae
189,CDW,Information Technology Services,Vernon Hills,Illinois,60061,cdw.com,"15,100","$21,376","$34,330","$1,104",CDW,Christine A. Leahy
190,Booking Holdings,Internet Services and Retailing,Norwalk,Connecticut,6854,bookingholdings.com,"23,482","$21,365","$123,968","$4,289",BKNG,Glenn D. Fogel
191,Synchrony Financial,Diversified Financials,Stamford,Connecticut,6902,synchrony.com,"20,000","$20,999","$17,543","$2,238",SYF,Brian D. Doubles
192,Quanta Services,Engineering & Construction,Houston,Texas,77008,quantaservices.com,"52,500","$20,882","$37,866",$745,PWR,"Earl C. ""Duke"" Austin"
193,Jones Lang LaSalle,Real Estate,Chicago,Illinois,60601,jll.com,"106,100","$20,761","$9,256",$225,JLL,Christian Ulbrich
194,Discover Financial Services,Commercial Banks,Riverwoods,Illinois,60015,discover.com,"21,100","$20,606","$32,847","$2,940",DFS,J. Michael Shepherd
195,Tenet Healthcare,Health Care: Medical Facilities,Dallas,Texas,75254,tenethealth.com,"95,905","$20,548","$10,511",$611,THC,Saum Sutaria
196,Altria Group,Tobacco,Richmond,Virginia,23230,altria.com,"6,400","$20,502","$76,922","$8,130",MO,William F. Gifford Jr.
197,Stryker,Medical Products and Equipment,Portage,Michigan,49002,stryker.com,"52,000","$20,498","$136,159","$3,165",SYK,Kevin A. Lobo
198,Kimberly-Clark,Household and Personal Products,Irving,Texas,75038,kimberly-clark.com,"41,000","$20,431","$43,580","$1,764",KMB,Mike Hsu
199,Waste Management,Waste Management,Houston,Texas,77002,wm.com,"48,000","$20,426","$85,601","$2,304",WM,James C. Fish Jr.
200,Cheniere Energy,Pipelines,Houston,Texas,77002,cheniere.com,"1,605","$20,394","$37,851","$9,881",LNG,Jack A. Fusco
201,Ross Stores,Specialty Retailers: Apparel,Dublin,California,94568,rossstores.com,"108,000","$20,377","$49,409","$1,875",ROST,Barbara Rentler
202,WestRock,"Packaging, Containers",Atlanta,Georgia,30328,westrock.com,"56,100","$20,310","$12,707","-$1,649",WRK,David Sewell
203,General Mills,Food Consumer Products,Minneapolis,Minnesota,55426,generalmills.com,"34,000","$20,094","$39,502","$2,594",GIS,Jeffrey L. Harmening
204,Goodyear Tire & Rubber,Motor Vehicles & Parts,Akron,Ohio,44316,goodyear.com,"71,000","$20,066","$3,901",-$689,GT,Mark W. Stewart
205,BJ's Wholesale Club,General Merchandisers,Marlborough,Massachusetts,1752,bjs.com,"34,000","$19,969","$10,059",$524,BJ,Robert W. Eddy
206,GE HealthCare Technologies,Medical Products and Equipment,Chicago,Illinois,60661,gehealthcare.com,"51,000","$19,552","$41,397","$1,568",GEHC,Peter J. Arduini
207,Colgate-Palmolive,Household and Personal Products,New York,New York,10022,colgatepalmolive.com,"34,000","$19,457","$74,020","$2,300",CL,Noel R. Wallace
208,Whirlpool,"Electronics, Electrical Equip.",Benton Harbor,Michigan,49022,whirlpoolcorp.com,"59,000","$19,455","$6,515",$481,WHR,Marc R. Bitzer
209,L3Harris Technologies,Aerospace & Defense,Melbourne,Florida,32919,l3harris.com,"50,000","$19,419","$40,508","$1,227",LHX,Christopher E. Kubasik
210,Adobe,Computer Software,San Jose,California,95110,adobe.com,"29,945","$19,409","$226,061","$5,428",ADBE,Shantanu Narayen
211,Becton Dickinson,Medical Products and Equipment,Franklin Lakes,New Jersey,7417,bd.com,"73,000","$19,372","$71,489","$1,484",BDX,Thomas E. Polen
212,Pioneer Natural Resources,"Mining, Crude-Oil Production",Irving,Texas,75038,pxd.com,"2,213","$19,362","$61,326","$4,894",,Richard P. Dealy
213,Cognizant Technology Solutions,Information Technology Services,Teaneck,New Jersey,7666,cognizant.com,"347,700","$19,353","$36,487","$2,126",CTSH,Ravi Kumar Singisetti
214,Murphy USA,Specialty Retailers: Other,El Dorado,Arkansas,71730,murphyusa.com,"10,750","$19,238","$8,727",$557,MUSA,Andrew Clyde
215,Fiserv,Financial Data Services,Milwaukee,Wisconsin,53203,fiserv.com,"42,000","$19,093","$94,358","$3,068",FI,Frank J. Bisignano
216,Parker-Hannifin,Industrial Machinery,Cleveland,Ohio,44124,phstock.com,"62,730","$19,065","$71,370","$2,083",PH,Jennifer A. Parmentier
217,American Electric Power,Utilities: Gas and Electric,Columbus,Ohio,43215,aep.com,"17,250","$18,982","$45,339","$2,208",AEP,Benjamin G.S. Fowke
218,International Paper,"Packaging, Containers",Memphis,Tennessee,38197,internationalpaper.com,"39,000","$18,916","$13,515",$288,IP,Andrew K. Silvernail
219,ManpowerGroup,Temporary Help,Milwaukee,Wisconsin,53212,manpowergroup.com,"27,900","$18,915","$3,756",$89,MAN,Jonas Prising
220,Aramark,Diversified Outsourcing Services,Philadelphia,Pennsylvania,19103,aramark.com,"262,550","$18,854","$8,535",$674,ARMK,John J. Zillmer
221,Steel Dynamics,Metals,Fort Wayne,Indiana,46804,steeldynamics.com,"12,600","$18,795","$23,413","$2,451",STLD,Mark D. Millett
222,Aflac,"Insurance: Life, Health (Stock)",Columbus,Georgia,31999,aflac.com,"12,785","$18,701","$49,405","$4,659",AFL,Daniel P. Amos
223,Reinsurance Group of America,"Insurance: Life, Health (Stock)",Chesterfield,Missouri,63017,rgare.com,"3,900","$18,567","$12,683",$902,RGA,Tony Cheng
224,Emerson Electric,Industrial Machinery,St. Louis,Missouri,63136,emerson.com,"67,000","$18,370","$64,842","$13,219",EMR,Lal L. Karsanbhai
225,State Street,Commercial Banks,Boston,Massachusetts,2114,statestreet.com,"46,451","$18,366","$23,346","$1,944",STT,Ronald P. O'Hanley
226,PPG Industries,Chemicals,Pittsburgh,Pennsylvania,15272,ppg.com,"53,000","$18,246","$34,104","$1,270",PPG,Timothy M. Knavish
227,United States Steel,Metals,Pittsburgh,Pennsylvania,15219,ussteel.com,"21,803","$18,053","$9,168",$895,X,David B. Burritt
228,Automatic Data Processing,Diversified Outsourcing Services,Roseland,New Jersey,7068,adp.com,"63,000","$18,012","$102,591","$3,412",ADP,Maria Black
229,Group 1 Automotive,"Automotive Retailing, Services",Houston,Texas,77024,group1auto.com,"16,011","$17,874","$3,999",$602,GPI,Daryl Kenningham
230,Dominion Energy,Utilities: Gas and Electric,Richmond,Virginia,23219,dominionenergy.com,"17,700","$17,867","$41,201","$1,994",D,Robert M. Blue
231,BlackRock,Securities,New York,New York,10001,blackrock.com,"19,800","$17,859","$124,173","$5,502",BLK,Laurence D. Fink
232,Oneok,Pipelines,Tulsa,Oklahoma,74103,oneok.com,"4,775","$17,677","$46,752","$2,659",OKE,Pierce Norton
233,C.H. Robinson Worldwide,Transportation and Logistics,Eden Prairie,Minnesota,55347,chrobinson.com,"15,246","$17,596","$8,908",$325,CHRW,David P. Bozeman
234,Texas Instruments,Semiconductors and Other Electronic Components,Dallas,Texas,75243,https://ti.com,"34,000","$17,519","$158,541","$6,510",TXN,Haviv Ilan
235,Kohl's,General Merchandisers,Menomonee Falls,Wisconsin,53051,kohls.com,"66,000","$17,476","$3,233",$317,KSS,Tom Kingsbury
236,AutoZone,Specialty Retailers: Other,Memphis,Tennessee,38103,autozone.com,"95,200","$17,457","$54,533","$2,528",AZO,Philip B. Daniele Iii
237,Lam Research,Semiconductors and Other Electronic Components,Fremont,California,94538,lamresearch.com,"17,200","$17,429","$127,376","$4,511",LRCX,Timothy M. Archer
238,Corteva,Food Production,Indianapolis,Indiana,46268,corteva.com,"22,500","$17,226","$40,304",$735,CTVA,Charles V. Magro
239,Peter Kiewit Sons',Engineering & Construction,Omaha,Nebraska,68102,kiewit.com,"31,100","$17,118",,"$1,176",,Rick Lanoha
240,Builders FirstSource,"Building Materials, Glass",Irving,Texas,75039,bldr.com,"29,000","$17,097","$25,431","$1,541",BLDR,Dave Rush
241,Kyndryl Holdings,Information Technology Services,New York,New York,10017,kyndryl.com,"90,000","$17,026","$5,007","-$1,374",KD,Martin J. Schroeter
242,EchoStar,Telecommunications,Englewood,Colorado,80112,echostar.com,"15,300","$17,016","$3,869","-$1,702",SATS,Hamid Akhavan
243,American Family Insurance Group,Insurance: Property and Casualty (Stock),Madison,Wisconsin,53783,amfam.com,"12,417","$17,000",,-$891,,William Westrate
244,Delek US Holdings,Petroleum Refining,Brentwood,Tennessee,37027,delekus.com,"3,591","$16,917","$1,968",$20,DK,Avigal Soreq
245,Land O'Lakes,Food Consumer Products,Arden Hills,Minnesota,55126,landolakesinc.com,"9,000","$16,795",,$254,,Beth E. Ford
246,Sempra,Utilities: Gas and Electric,San Diego,California,92101,sempra.com,"16,835","$16,720","$45,439","$3,074",SRE,Jeffrey W. Martin
247,Global Partners,Wholesalers: Diversified,Waltham,Massachusetts,2453,globalp.com,"4,273","$16,492","$1,509",$153,GLP,Eric Slifka
248,W.W. Grainger,Wholesalers: Diversified,Lake Forest,Illinois,60045,grainger.com,"24,650","$16,478","$49,983","$1,829",GWW,Donald G. Macpherson
249,Jacobs Solutions,Diversified Outsourcing Services,Dallas,Texas,75201,jacobs.com,"58,550","$16,352","$19,316",$666,J,Bob Pragada
250,Edison International,Utilities: Gas and Electric,Rosemead,California,91770,edisoninvestor.com,"14,346","$16,338","$27,208","$1,197",EIX,Pedro J. Pizarro
251,MGM Resorts International,"Hotels, Casinos, Resorts",Las Vegas,Nevada,89109,mgmresorts.com,"67,000","$16,164","$14,966","$1,142",MGM,William J. Hornbuckle
252,Guardian Life Ins. Co. of America,"Insurance: Life, Health (Mutual)",New York,New York,10001,guardianlife.com,"7,561","$16,137",,$375,,Andrew J. Mcmahon
253,Illinois Tool Works,Industrial Machinery,Glenview,Illinois,60025,itw.com,"45,000","$16,107","$80,162","$2,957",ITW,Christopher A. O'Herlihy
254,Ameriprise Financial,Diversified Financials,Minneapolis,Minnesota,55474,ameriprise.com,"13,800","$16,096","$43,928","$2,556",AMP,James M. Cracchiolo
255,PulteGroup,Homebuilders,Atlanta,Georgia,30326,pultegroupinc.com,"6,382","$16,062","$25,449","$2,602",PHM,Ryan R. Marshall
256,Targa Resources,Pipelines,Houston,Texas,77002,targaresources.com,"3,182","$16,060","$24,922","$1,346",TRGP,Matthew J. Meloy
257,Ally Financial,Diversified Financials,Detroit,Michigan,48226,ally.com,"11,100","$15,971","$12,338","$1,020",ALLY,Michael G. Rhodes
258,BorgWarner,Motor Vehicles & Parts,Auburn Hills,Michigan,48326,borgwarner.com,"39,900","$15,921","$8,023",$625,BWA,Frederic B. Lissalde
259,Est√©e Lauder,Household and Personal Products,New York,New York,10153,elcompanies.com,"53,010","$15,910","$55,259","$1,006",EL,Fabrizio Freda
260,Loews,Insurance: Property and Casualty (Stock),New York,New York,10019,loews.com,"12,280","$15,901","$17,396","$1,434",L,James S. Tisch
261,O'Reilly Automotive,Specialty Retailers: Other,Springfield,Missouri,65802,oreillyauto.com,"82,958","$15,812","$66,634","$2,347",ORLY,Brad Beckham
262,Markel Group,Insurance: Property and Casualty (Stock),Glen Allen,Virginia,23060,mklgroup.com,"21,600","$15,804","$19,947","$1,996",MKL,Thomas S. Gayner
263,Stanley Black & Decker,"Home Equipment, Furnishings",New Britain,Connecticut,6053,stanleyblackanddecker.com,"50,500","$15,781","$15,062",-$311,SWK,Donald Allan
264,Micron Technology,Semiconductors and Other Electronic Components,Boise,Idaho,83716,micron.com,"43,000","$15,540","$130,548","-$5,833",MU,Sanjay Mehrotra
265,Fluor,Engineering & Construction,Irving,Texas,75039,fluor.com,"30,187","$15,474","$7,192",$139,FLR,David E. Constable
266,Leidos Holdings,Information Technology Services,Reston,Virginia,20190,leidos.com,"47,000","$15,438","$17,701",$199,LDOS,Thomas A. Bell
267,Viatris,Pharmaceuticals,Canonsburg,Pennsylvania,15317,viatris.com,"38,000","$15,427","$14,180",$55,VTRS,Scott A. Smith
268,Kinder Morgan,Pipelines,Houston,Texas,77002,kindermorgan.com,"10,891","$15,334","$40,703","$2,391",KMI,Kimberly A. Dang
269,Ecolab,Chemicals,St. Paul,Minnesota,55102,ecolab.com,"48,000","$15,320","$66,017","$1,372",ECL,Christophe Beck
270,Baxter International,Medical Products and Equipment,Deerfield,Illinois,60015,baxter.com,"60,000","$15,282","$21,705","$2,656",BAX,Jose E. Almeida
271,Devon Energy,"Mining, Crude-Oil Production",Oklahoma City,Oklahoma,73102,devonenergy.com,"1,900","$15,258","$31,864","$3,747",DVN,Richard E. Muncrief
272,Kellanova,Food Consumer Products,Chicago,Illinois,60654,http://kellanova.com,"23,000","$15,207","$19,579",$951,K,Steven A. Cahillane
273,Farmers Insurance Exchange,Insurance: Property and Casualty (Mutual),Woodland Hills,California,91367,farmers.com,"9,685","$15,194",,-$653,,Raul Vargas
274,Casey's General Stores,Specialty Retailers: Other,Ankeny,Iowa,50021,caseys.com,"31,637","$15,095","$11,788",$447,CASY,Darren M. Rebelez
275,IQVIA Holdings,Health Care: Pharmacy and Other Services,Durham,North Carolina,27703,iqvia.com,"87,000","$14,984","$46,029","$1,358",IQV,Ari Bousbib
276,Republic Services,Waste Management,Phoenix,Arizona,85054,republicservices.com,"41,000","$14,965","$60,229","$1,731",RSG,Jon Vander Ark
277,Fox,Entertainment,New York,New York,10036,foxcorporation.com,"10,400","$14,913","$14,225","$1,239",FOXA,Lachlan K. Murdoch
278,Gap,Specialty Retailers: Apparel,San Francisco,California,94105,gapinc.com,"85,000","$14,889","$10,290",$502,GPS,Richard Dickson
279,Keurig Dr Pepper,Beverages,Burlington,Massachusetts,1803,https://keurig.com,"28,100","$14,814","$42,557","$2,181",KDP,Robert J. Gamgort
280,Reliance,Metals,Scottsdale,Arizona,85254,https://reliance.com,"15,250","$14,806","$19,190","$1,336",RS,Karla R. Lewis
281,Asbury Automotive Group,"Automotive Retailing, Services",Duluth,Georgia,30097,asburyauto.com,"15,000","$14,803","$4,811",$603,ABG,David W. Hult
282,Pacific Life,"Insurance: Life, Health (Stock)",Newport Beach,California,92660,pacificlife.com,"4,181","$14,802",,$875,,Darryl Button
283,Vistra,Energy,Irving,Texas,75039,vistracorp.com,"4,870","$14,779","$24,230","$1,493",VST,James A. Burke
284,Western & Southern Financial Group,"Insurance: Life, Health (Mutual)",Cincinnati,Ohio,45202,westernsouthern.com,"2,669","$14,775",,$485,,John F. Barrett
285,Andersons,Food Production,Maumee,Ohio,43537,andersonsinc.com,"2,297","$14,750","$1,953",$101,ANDE,Patrick E. Bowe
286,Nordstrom,General Merchandisers,Seattle,Washington,98101,nordstrom.com,"54,000","$14,693","$3,309",$134,JWN,Erik B. Nordstrom
287,Omnicom Group,"Advertising, Marketing",New York,New York,10017,omnicomgroup.com,"75,900","$14,692","$19,081","$1,391",OMC,John D. Wren
288,Fidelity National Information Services,Financial Data Services,Jacksonville,Florida,32202,fisglobal.com,"60,000","$14,680","$42,762","-$6,654",FIS,Stephanie Ferris
289,Consolidated Edison,Utilities: Gas and Electric,New York,New York,10003,conedison.com,"14,592","$14,663","$31,376","$2,519",ED,Timothy P. Cawley
290,CSX,Railroads,Jacksonville,Florida,32202,csx.com,"23,232","$14,657","$72,568","$3,715",CSX,Joseph R. Hinrichs
291,AECOM,Engineering & Construction,Dallas,Texas,75240,aecom.com,"52,000","$14,591","$13,341",$55,ACM,Troy Rudd
292,Lumen Technologies,Telecommunications,Monroe,Louisiana,71203,lumen.com,"28,000","$14,557","$1,585","-$10,298",LUMN,Kathleen E. Johnson
293,Tractor Supply,Specialty Retailers: Other,Brentwood,Tennessee,37027,tractorsupply.com,"37,500","$14,556","$28,248","$1,107",TSCO,Harry A. Lawton Iii
294,DXC Technology,Information Technology Services,Ashburn,Virginia,20147,dxc.technology,"130,000","$14,430","$3,879",-$568,DXC,Raul J. Fernandez
295,AGCO,Construction and Farm Machinery,Duluth,Georgia,30096,agcocorp.com,"27,900","$14,412","$9,180","$1,171",AGCO,Eric P. Hansotia
296,Sonic Automotive,"Automotive Retailing, Services",Charlotte,North Carolina,28211,sonicautomotive.com,"10,500","$14,372","$1,942",$178,SAH,David Bruton Smith
297,Intuit,Computer Software,Mountain View,California,94043,intuit.com,"22,900","$14,368","$181,986","$2,384",INTU,Sasan K. Goodarzi
298,United Rentals,Equipment Leasing,Stamford,Connecticut,6902,unitedrentals.com,"26,300","$14,332","$48,437","$2,424",URI,Matthew J. Flannery
299,Universal Health Services,Health Care: Medical Facilities,King of Prussia,Pennsylvania,19406,uhs.com,"85,025","$14,282","$12,265",$718,UHS,Marc D. Miller
300,Boston Scientific,Medical Products and Equipment,Marlborough,Massachusetts,1752,bostonscientific.com,"48,000","$14,240","$100,673","$1,592",BSX,Michael F. Mahoney
301,Otis Worldwide,Industrial Machinery,Farmington,Connecticut,6032,otis.com,"71,000","$14,209","$40,250","$1,406",OTIS,Judith F. Marks
302,Xcel Energy,Utilities: Gas and Electric,Minneapolis,Minnesota,55401,xcelenergy.com,"11,311","$14,206","$29,840","$1,771",XEL,Bob Frenzel
303,Jones Financial (Edward Jones),Securities,Des Peres,Missouri,63131,edwardjones.com,"54,000","$14,080",,"$1,612",,Penny Pennington
304,Ball,"Packaging, Containers",Westminster,Colorado,80021,ball.com,"21,000","$14,029","$21,206",$707,BALL,Daniel W. Fisher
305,LKQ,Wholesalers: Diversified,Chicago,Illinois,60661,lkqcorp.com,"49,000","$13,866","$14,249",$936,LKQ,Dominick P. Zarcone
306,Mutual of Omaha Insurance,"Insurance: Life, Health (Mutual)",Omaha,Nebraska,68175,mutualofomaha.com,"6,231","$13,856",,$48,,James T. Blackledge
307,Mosaic,Chemicals,Tampa,Florida,33602,mosaicco.com,"14,049","$13,696","$10,442","$1,165",MOS,Bruce M. Bodine
308,Textron,Aerospace & Defense,Providence,Rhode Island,2903,textron.com,"35,000","$13,683","$18,501",$921,TXT,Scott C. Donnelly
309,Laboratory Corp. of America,Health Care: Pharmacy and Other Services,Burlington,North Carolina,27215,labcorp.com,"61,975","$13,668","$18,373",$418,LH,Adam H. Schechter
310,Principal Financial,"Insurance: Life, Health (Stock)",Des Moines,Iowa,50392,principal.com,"19,800","$13,666","$20,358",$623,PFG,Daniel J. Houston
311,Regeneron Pharmaceuticals,Pharmaceuticals,Tarrytown,New York,10591,regeneron.com,"13,450","$13,117","$105,645","$3,954",REGN,Leonard S. Schleifer
312,Raymond James Financial,Securities,St. Petersburg,Florida,33716,raymondjames.com,"18,000","$12,992","$26,843","$1,739",RJF,Paul C. Reilly
313,Dick's Sporting Goods,Specialty Retailers: Other,Coraopolis,Pennsylvania,15108,dickssportinggoods.com,"37,200","$12,984","$18,539","$1,047",DKS,Lauren R. Hobart
314,Auto-Owners Insurance,Insurance: Property and Casualty (Mutual),Lansing,Michigan,48917,auto-owners.com,"6,946","$12,938",,-$912,,Jamie Whisnant
315,Expedia Group,Internet Services and Retailing,Seattle,Washington,98119,expediagroup.com,"17,100","$12,839","$18,774",$797,EXPE,Ariane Gorin
316,J.B. Hunt Transport Services,"Trucking, Truck Leasing",Lowell,Arkansas,72745,jbhunt.com,"34,718","$12,830","$20,582",$728,JBHT,John N. Roberts Iii
317,M&T Bank,Commercial Banks,Buffalo,New York,14203,mtb.com,"21,980","$12,752","$24,233","$2,741",MTB,Rene F. Jones
318,DTE Energy,Utilities: Gas and Electric,Detroit,Michigan,48226,dteenergy.com,"9,950","$12,745","$23,205","$1,397",DTE,Gerardo Norcia
319,AES,Utilities: Gas and Electric,Arlington,Virginia,22203,aes.com,"9,600","$12,668","$12,745",$249,AES,Andres R. Gluski
320,Berry Global Group,"Packaging, Containers",Evansville,Indiana,47710,berryglobal.com,"44,000","$12,664","$7,010",$609,BERY,Kevin Kwilinski
321,Fifth Third Bancorp,Commercial Banks,Cincinnati,Ohio,45263,53.com,"18,724","$12,641","$25,435","$2,349",FITB,Timothy N. Spence
322,Air Products & Chemicals,Chemicals,Allentown,Pennsylvania,18106,airproducts.com,"21,850","$12,600","$53,857","$2,300",APD,Seifi Ghasemi
323,Corning,"Electronics, Electrical Equip.",Corning,New York,14831,corning.com,"49,800","$12,588","$28,192",$581,GLW,Wendell P. Weeks
324,EMCOR Group,Engineering & Construction,Norwalk,Connecticut,6851,emcorgroup.com,"38,300","$12,583","$16,482",$633,EME,Anthony J. Guzzi
325,Amphenol,Network and Other Communications Equipment,Wallingford,Connecticut,6492,amphenol.com,"95,000","$12,555","$69,193","$1,928",APH,Adam Norwitt
326,Westlake,Chemicals,Houston,Texas,77056,westlake.com,"15,520","$12,548","$19,637",$479,WLK,Albert Yuan Chao
327,DuPont,Chemicals,Wilmington,Delaware,19805,dupont.com,"24,000","$12,528","$32,016",$423,DD,Edward D. Breen
328,Liberty Media,Entertainment,Englewood,Colorado,80112,libertymedia.com,"6,486","$12,525","$9,700",$761,LSXMA,Gregory B. Maffei
329,S&P Global,Financial Data Services,New York,New York,10041,spglobal.com,"40,450","$12,497","$136,253","$2,626",SPGI,Douglas L. Peterson
330,Community Health Systems,Health Care: Medical Facilities,Franklin,Tennessee,37067,chs.net,"54,500","$12,490",$486,-$133,CYH,Tim L. Hingtgen
331,FirstEnergy,Utilities: Gas and Electric,Akron,Ohio,44308,firstenergycorp.com,"12,042","$12,450","$22,226","$1,102",FE,Brian X. Tierney
332,Unum Group,"Insurance: Life, Health (Stock)",Chattanooga,Tennessee,37402,unum.com,"10,683","$12,386","$10,299","$1,284",UNM,Richard P. Mckenney
333,Henry Schein,Wholesalers: Health Care,Melville,New York,11747,henryschein.com,"25,000","$12,339","$9,705",$416,HSIC,Stanley M. Bergman
334,Western Digital,"Computers, Office Equipment",San Jose,California,95119,westerndigital.com,"53,000","$12,318","$22,279","-$1,706",WDC,David V. Goeckeler
335,Analog Devices,Semiconductors and Other Electronic Components,Wilmington,Massachusetts,1887,analog.com,"26,000","$12,306","$98,086","$3,315",ADI,Vincent T. Roche
336,Conagra Brands,Food Consumer Products,Chicago,Illinois,60654,conagrabrands.com,"18,600","$12,277","$14,168",$684,CAG,Sean M. Connolly
337,Citizens Financial Group,Commercial Banks,Providence,Rhode Island,2903,citizensbank.com,"17,570","$12,187","$16,635","$1,608",CFG,Bruce W. Van Saun
338,Norfolk Southern,Railroads,Atlanta,Georgia,30308,norfolksouthern.com,"20,700","$12,156","$57,570","$1,827",NSC,Alan H. Shaw
339,Entergy,Utilities: Gas and Electric,New Orleans,Louisiana,70113,entergy.com,"12,177","$12,147","$22,536","$2,357",ETR,Andrew S. Marsh
340,W.R. Berkley,Insurance: Property and Casualty (Stock),Greenwich,Connecticut,6830,berkley.com,"8,329","$12,143","$22,689","$1,381",WRB,Robert Berkley
341,DaVita,Health Care: Medical Facilities,Denver,Colorado,80202,davita.com,"70,000","$12,140","$12,107",$692,DVA,Javier J. Rodriguez
342,Northern Trust,Commercial Banks,Chicago,Illinois,60603,northerntrust.com,"23,100","$12,117","$18,141","$1,107",NTRS,Michael G. O'Grady
343,Hormel Foods,Food Consumer Products,Austin,Minnesota,55912,hormelfoods.com,"20,000","$12,110","$19,109",$794,HRL,Jim(James) Snee
344,Crown Holdings,"Packaging, Containers",Tampa,Florida,33637,crowncork.com,"25,000","$12,010","$9,574",$450,CCK,Timothy J. Donahue
345,Avis Budget Group,"Automotive Retailing, Services",Parsippany,New Jersey,7054,avisbudgetgroup.com,"21,250","$12,008","$4,344","$1,632",CAR,
346,Wayfair,Internet Services and Retailing,Boston,Massachusetts,2116,wayfair.com,"12,800","$12,003","$8,175",-$738,W,Niraj S. Shah
347,MasTec,Engineering & Construction,Coral Gables,Florida,33134,mastec.com,"34,000","$11,996","$7,393",-$50,MTZ,Jose R. Mas
348,Eversource Energy,Utilities: Gas and Electric,Springfield,Massachusetts,1104,eversource.com,"10,171","$11,911","$20,963",-$442,ES,Joseph R. Nolan
349,Newmont,"Mining, Crude-Oil Production",Denver,Colorado,80237,newmont.com,"21,700","$11,812","$41,316","-$2,494",NEM,Thomas R. Palmer
350,Ryder System,Transportation and Logistics,Coral Gables,Florida,33134,ryder.com,"47,500","$11,783","$5,321",$406,R,Robert E. Sanchez
351,Fidelity National Financial,Insurance: Property and Casualty (Stock),Jacksonville,Florida,32204,fnf.com,"22,293","$11,752","$14,507",$517,FNF,Michael J. Nolan
352,Molson Coors Beverage,Beverages,Chicago,Illinois,60606,molsoncoors.com,"16,500","$11,702","$14,298",$949,TAP,Gavin D.K. Hattersley
353,Caesars Entertainment,"Hotels, Casinos, Resorts",Reno,Nevada,89501,caesars.com,"51,000","$11,673","$9,461",$786,CZR,Thomas R. Reeg
354,Lincoln National,"Insurance: Life, Health (Stock)",Radnor,Pennsylvania,19087,https://lincolnfinancial.com,"11,024","$11,645","$5,418",-$752,LNC,Ellen G. Cooper
355,VF,Apparel,Denver,Colorado,80202,vfc.com,"26,400","$11,613","$5,964",$119,VFC,Bracken P. Darrell
356,International Flavors & Fragrances,Chemicals,New York,New York,10019,iff.com,"21,500","$11,479","$21,955","-$2,567",IFF,J. Erik Fyrwald
357,Huntington Ingalls Industries,Aerospace & Defense,Newport News,Virginia,23607,hii.com,"44,000","$11,454","$11,545",$681,HII,Christopher D. Kastner
358,Advance Auto Parts,Specialty Retailers: Other,Raleigh,North Carolina,27609,advanceautoparts.com,"54,500","$11,288","$5,072",$30,AAP,Shane M. O'Kelly
359,Public Service Enterprise Group,Utilities: Gas and Electric,Newark,New Jersey,7102,pseg.com,"12,543","$11,237","$33,296","$2,563",PEG,Ralph A. Larossa
360,Ulta Beauty,Specialty Retailers: Other,Bolingbrook,Illinois,60440,ulta.com,"38,000","$11,207","$25,239","$1,291",ULTA,David C. Kimbell
361,Hershey,Food Consumer Products,Hershey,Pennsylvania,17033,thehersheycompany.com,"19,578","$11,165","$39,719","$1,862",HSY,Michele G. Buck
362,Chewy,Internet Services and Retailing,Plantation,Florida,33322,chewy.com,"18,100","$11,148","$6,920",$40,CHWY,Sumit Singh
363,American Tower,Real Estate,Boston,Massachusetts,2116,americantower.com,"5,643","$11,144","$92,147","$1,483",AMT,Steven O. Vondran
364,Mohawk Industries,"Home Equipment, Furnishings",Calhoun,Georgia,30701,mohawkind.com,"43,300","$11,135","$8,337",-$440,MHK,Jeffrey S. Lorberbaum
365,Assurant,Insurance: Property and Casualty (Stock),Atlanta,Georgia,30339,assurant.com,"13,600","$11,132","$9,784",$643,AIZ,Keith W. Demmings
366,THOR Industries,Motor Vehicles & Parts,Elkhart,Indiana,46514,thorindustries.com,"24,900","$11,122","$6,257",$374,THO,Robert W. Martin
367,Graybar Electric,Wholesalers: Diversified,St. Louis,Missouri,63105,graybar.com,"9,500","$11,042",,$463,,Kathleen M. Mazzarella
368,Yum China Holdings,Food Services,Plano,Texas,75074,https://ir.yumchina.com,"293,500","$10,978","$15,599",$827,YUMC,Joey Wat
369,Celanese,Chemicals,Irving,Texas,75039,celanese.com,"12,410","$10,940","$19,173","$1,960",CE,Lori J. Ryerkerk
370,Qurate Retail,Internet Services and Retailing,Englewood,Colorado,80112,qurateretail.com,"20,386","$10,915",$511,-$145,QRTEA,David Rawlinson Ii
371,Williams,Pipelines,Tulsa,Oklahoma,74172,williams.com,"5,601","$10,907","$47,482","$3,179",WMB,Alan S. Armstrong
372,Interpublic Group,"Advertising, Marketing",New York,New York,10022,interpublic.com,"57,400","$10,889","$12,358","$1,098",IPG,Phillippe Krakowsky
373,Ovintiv,"Mining, Crude-Oil Production",Denver,Colorado,80202,ovintiv.com,"1,743","$10,883","$13,959","$2,085",OVV,Brendan M. Mccracken
374,Icahn Enterprises,Diversified Financials,Sunny Isles Beach,Florida,33160,ielp.com,"15,038","$10,847","$7,298",-$684,IEP,Andrew Teno
375,Huntington Bancshares,Commercial Banks,Columbus,Ohio,43287,huntington.com,"19,955","$10,837","$20,309","$1,951",HBAN,Stephen D. Steinour
376,Erie Insurance Group,Insurance: Property and Casualty (Mutual),Erie,Pennsylvania,16530,erieinsurance.com,"6,510","$10,813",,-$527,,Timothy G. Necastro
377,Carvana,"Automotive Retailing, Services",Tempe,Arizona,85281,carvana.com,"13,700","$10,771","$16,944",$450,CVNA,Ernest C. Garcia Iii
378,Hess,"Mining, Crude-Oil Production",New York,New York,10036,hess.com,"1,756","$10,645","$46,884","$1,382",HES,John B. Hess
379,Dana,Motor Vehicles & Parts,Maumee,Ohio,43537,dana.com,"41,800","$10,555","$1,841",$38,DAN,James K. Kamsickas
380,Alcoa,Metals,Pittsburgh,Pennsylvania,15212,alcoa.com,"13,600","$10,551","$6,067",-$651,AA,William F. Oplinger
381,Equitable Holdings,"Insurance: Life, Health (Stock)",New York,New York,10105,equitableholdings.com,"10,700","$10,528","$12,532","$1,302",EQH,Mark Pearson
382,KLA,Semiconductors and Other Electronic Components,Milpitas,California,95035,kla.com,"15,105","$10,496","$94,470","$3,387",KLAC,Rick Wallace
383,Darden Restaurants,Food Services,Orlando,Florida,32837,darden.com,"187,384","$10,488","$19,960",$982,DRI,Ricardo Cardenas
384,Autoliv,Motor Vehicles & Parts,Auburn Hills,Michigan,48326,autoliv.com,"66,434","$10,475","$9,810",$488,ALV,Mikael Bratt
385,Alaska Air Group,Airlines,Seattle,Washington,98188,alaskaair.com,"24,610","$10,426","$5,408",$235,ALK,Benito Minicucci
386,KeyCorp,Commercial Banks,Cleveland,Ohio,44114,key.com,"17,692","$10,397","$14,663",$967,KEY,Christopher M. Gorman
387,Las Vegas Sands,"Hotels, Casinos, Resorts",Las Vegas,Nevada,89113,sands.com,"38,550","$10,372","$38,840","$1,221",LVS,Robert G. Goldstein
388,Owens & Minor,Wholesalers: Health Care,Mechanicsville,Virginia,23116,owens-minor.com,"22,200","$10,334","$2,123",-$41,OMI,Edward A. Pesicka
389,Hilton Worldwide Holdings,"Hotels, Casinos, Resorts",McLean,Virginia,22102,hilton.com,"178,000","$10,235","$53,788","$1,141",HLT,Christopher J. Nassetta
390,Ebay,Internet Services and Retailing,San Jose,California,95125,ebay.com,"12,300","$10,112","$27,340","$2,767",EBAY,Jamie Iannone
391,Arthur J. Gallagher,Diversified Financials,Rolling Meadows,Illinois,60008,ajg.com,"52,118","$10,072","$54,584",$970,AJG,Patrick Gallagher
392,LPL Financial Holdings,Securities,San Diego,California,92121,lpl.com,"7,372","$10,053","$19,736","$1,066",LPLA,Dan H. Arnold
393,Cincinnati Financial,Insurance: Property and Casualty (Stock),Fairfield,Ohio,45014,cinfin.com,"5,426","$10,013","$19,456","$1,843",CINF,Stephen M. Spray
394,Toll Brothers,Homebuilders,Fort Washington,Pennsylvania,19034,tollbrothers.com,"4,800","$9,995","$13,477","$1,372",TOL,Douglas C. Yearley Jr.
395,Motorola Solutions,Network and Other Communications Equipment,Chicago,Illinois,60661,motorolasolutions.com,"21,000","$9,978","$59,142","$1,709",MSI,Gregory Q. Brown
396,Airbnb,Internet Services and Retailing,San Francisco,California,94103,airbnb.com,"6,907","$9,917","$106,740","$4,792",ABNB,Brian Chesky
397,Intercontinental Exchange,Securities,Atlanta,Georgia,30328,ice.com,"13,222","$9,903","$78,695","$2,368",ICE,Jeffrey C. Sprecher
398,News Corp.,"Publishing, Printing",New York,New York,10036,newscorp.com,"25,000","$9,879","$15,120",$149,NWSA,Robert J. Thomson
399,Chipotle Mexican Grill,Food Services,Newport Beach,California,92660,chipotle.com,"116,068","$9,872","$79,707","$1,229",CMG,Brian R. Niccol
400,Vertex Pharmaceuticals,Pharmaceuticals,Boston,Massachusetts,2210,vrtx.com,"5,400","$9,869","$107,975","$3,620",VRTX,Reshma Kewalramani
401,Biogen,Pharmaceuticals,Cambridge,Massachusetts,2142,biogen.com,"7,570","$9,836","$31,344","$1,161",BIIB,Christopher A. Viehbacher
402,GXO Logistics,Transportation and Logistics,Greenwich,Connecticut,6831,gxo.com,"109,000","$9,778","$6,412",$229,GXO,Malcolm Wilson
403,SpartanNash,Wholesalers: Food and Grocery,Grand Rapids,Michigan,49548,spartannash.com,"13,500","$9,729",$700,$52,SPTN,Tony Sarsam
404,Burlington Stores,Specialty Retailers: Apparel,Burlington,New Jersey,8016,burlingtoninvestors.com,"44,050","$9,728","$14,841",$340,BURL,Michael B. O‚ÄôSullivan
405,Thrivent Financial for Lutherans,"Insurance: Life, Health (Mutual)",Minneapolis,Minnesota,55415,thrivent.com,"3,810","$9,720",,$347,,Teresa J. Rasmussen
406,NVR,Homebuilders,Reston,Virginia,20190,nvrinc.com,"6,300","$9,687","$25,904","$1,592",NVR,Eugene J. Bredow
407,Owens Corning,"Building Materials, Glass",Toledo,Ohio,43659,owenscorning.com,"18,000","$9,677","$14,510","$1,196",OC,Brian D. Chambers
407,Westinghouse Air Brake Technologies,Industrial Machinery,Pittsburgh,Pennsylvania,15212,wabteccorp.com,"29,000","$9,677","$25,790",$815,WAB,Rafael O. Santana
409,Oshkosh,Construction and Farm Machinery,Oshkosh,Wisconsin,54902,oshkoshcorp.com,"17,300","$9,658","$8,178",$598,OSK,John C. Pfeifer
410,Global Payments,Financial Data Services,Atlanta,Georgia,30326,globalpaymentsinc.com,"27,000","$9,654","$34,095",$986,GPN,Cameron M. Bready
411,Lululemon athletica,Specialty Retailers: Apparel,Sumner,Washington,98390,lululemon.com,"38,000","$9,619","$49,225","$1,550",LULU,Calvin Mcdonald
412,Albemarle,Chemicals,Charlotte,North Carolina,28209,albemarle.com,"9,000","$9,617","$15,483","$1,574",ALB,Kent Masters
413,JetBlue Airways,Airlines,Long Island City,New York,11101,jetblue.com,"21,310","$9,615","$2,524",-$310,JBLU,Joanna Geraghty
414,Seaboard,Food Production,Merriam,Kansas,66202,seaboardcorp.com,"12,847","$9,562","$3,131",$226,SEB,Robert L. Steer
415,Constellation Brands,Beverages,Victor,New York,14564,cbrands.com,"9,400","$9,453","$49,683",-$71,STZ,William A. Newlands
416,Graphic Packaging Holding,"Packaging, Containers",Atlanta,Georgia,30328,graphicpkg.com,"23,500","$9,428","$8,931",$723,GPK,Michael Doss
417,Hertz Global Holdings,"Automotive Retailing, Services",Estero,Florida,33928,hertz.com,"27,000","$9,371","$2,391",$616,HTZ,Gil West
418,FM Global,Insurance: Property and Casualty (Stock),Johnston,Rhode Island,2919,fmglobal.com,"5,667","$9,359",,"$3,749",,Malcolm Roberts
419,Campbell Soup,Food Consumer Products,Camden,New Jersey,8103,campbellsoupcompany.com,"14,500","$9,357","$13,251",$858,CPB,Mark A. Clouse
420,Expeditors International of Washington,Transportation and Logistics,Seattle,Washington,98104,expeditors.com,"18,452","$9,300","$17,249",$753,EXPD,Jeffrey S. Musser
421,A-Mark Precious Metals,Wholesalers: Diversified,El Segundo,California,90245,amark.com,421,"$9,287",$701,$156,AMRK,Gregory N. Roberts
422,Booz Allen Hamilton Holding,Information Technology Services,McLean,Virginia,22102,boozallen.com,"31,900","$9,259","$19,260",$272,BAH,Horacio D. Rozanski
423,Quest Diagnostics,Health Care: Pharmacy and Other Services,Secaucus,New Jersey,7094,questdiagnostics.com,"44,000","$9,252","$14,783",$854,DGX,James E. Davis
424,Altice USA,Telecommunications,Long Island City,New York,11101,alticeusa.com,"10,600","$9,237","$1,191",$53,ATUS,Dennis Mathew
425,PVH,Apparel,New York,New York,10017,pvh.com,"23,000","$9,218","$8,386",$664,PVH,Stefan Larsson
426,Eastman Chemical,Chemicals,Kingsport,Tennessee,37660,eastman.com,"14,000","$9,210","$11,786",$894,EMN,Mark J. Costa
427,Insight Enterprises,Information Technology Services,Chandler,Arizona,85286,insight.com,"14,437","$9,176","$6,046",$281,NSIT,Joyce Mullen
428,Regions Financial,Commercial Banks,Birmingham,Alabama,35203,regions.com,"20,101","$9,153","$19,333","$2,074",RF,John M. Turner Jr.
429,Beacon Roofing Supply,Wholesalers: Diversified,Herndon,Virginia,20170,becn.com,"8,063","$9,120","$6,218",$435,BECN,Julian G. Francis
430,Rockwell Automation,"Electronics, Electrical Equip.",Milwaukee,Wisconsin,53204,rockwellautomation.com,"29,000","$9,058","$33,384","$1,387",ROK,Blake D. Moret
431,Polaris,Transportation Equipment,Medina,Minnesota,55340,polaris.com,"18,500","$9,015","$5,655",$503,PII,Michael T. Speetzen
432,ServiceNow,Computer Software,Santa Clara,California,95054,servicenow.com,"22,668","$8,971","$156,292","$1,731",NOW,Bill Mcdermott
433,Sanmina,Semiconductors and Other Electronic Components,San Jose,California,95134,sanmina.com,"36,000","$8,935","$3,468",$310,SANM,Jure Sola
434,UGI,Utilities: Gas and Electric,King of Prussia,Pennsylvania,19406,ugicorp.com,"10,500","$8,928","$5,142","-$1,502",UGI,Mario Longhi
435,WEC Energy Group,Utilities: Gas and Electric,Milwaukee,Wisconsin,53203,wecenergygroup.com,"7,000","$8,893","$25,935","$1,332",WEC,Scott J. Lauber
436,BrightSpring Health Services,Health Care: Pharmacy and Other Services,Louisville,Kentucky,40222,brightspringhealth.com,"35,000","$8,826","$1,861",-$155,BGST,Jon B. Rousseau
437,Cintas,Diversified Outsourcing Services,Cincinnati,Ohio,45262,cintas.com,"44,500","$8,816","$69,695","$1,348",CTAS,Todd M. Schneider
438,Commercial Metals,Metals,Irving,Texas,75039,cmc.com,"13,022","$8,800","$6,800",$860,CMC,Peter R. Matt
439,Continental Resources,"Mining, Crude-Oil Production",Oklahoma City,Oklahoma,73102,clr.com,"1,457","$8,732",,"$3,096",,Robert D. Lawler
440,Chesapeake Energy,"Mining, Crude-Oil Production",Oklahoma City,Oklahoma,73118,chk.com,"1,000","$8,721","$11,619","$2,419",CHK,Domenic J. Dell'Osso
441,CenterPoint Energy,Utilities: Gas and Electric,Houston,Texas,77002,centerpointenergy.com,"8,827","$8,696","$18,035",$917,CNP,Jason P. Wells
442,NGL Energy Partners,Pipelines,Tulsa,Oklahoma,74136,nglenergypartners.com,638,"$8,695",$763,$51,NGL,Michael Krimbill
443,DoorDash,Internet Services and Retailing,San Francisco,California,94107,https://ir.doordash.com,"19,300","$8,635","$55,640",-$558,DASH,Tony Xu
444,NOV,"Oil and Gas Equipment, Services",Houston,Texas,77042,nov.com,"33,676","$8,583","$7,691",$993,NOV,Clay C. Williams
445,Zoetis,Pharmaceuticals,Parsippany,New Jersey,7054,zoetis.com,"14,100","$8,544","$77,476","$2,344",ZTS,Kristin C. Peck
446,J.M. Smucker,Food Consumer Products,Orrville,Ohio,44667,jmsmucker.com,"5,800","$8,529","$13,364",-$91,SJM,Mark T. Smucker
447,Microchip Technology,Semiconductors and Other Electronic Components,Chandler,Arizona,85224,microchip.com,"22,600","$8,439","$48,478","$2,238",MCHP,Ganesh Moorthy
448,Dover,Industrial Machinery,Downers Grove,Illinois,60515,dovercorporation.com,"25,000","$8,438","$24,342","$1,057",DOV,Richard J. Tobin
449,Diamondback Energy,"Mining, Crude-Oil Production",Midland,Texas,79701,diamondbackenergy.com,"1,023","$8,412","$35,363","$3,143",FANG,Travis D. Stice
450,Avery Dennison,"Packaging, Containers",Mentor,Ohio,44060,averydennison.com,"35,000","$8,364","$17,976",$503,AVY,Dean M. Stander
451,PPL,Utilities: Gas and Electric,Allentown,Pennsylvania,18101,pplweb.com,"6,629","$8,312","$20,306",$740,PPL,Vincent Sorgi
452,ON Semiconductor,Semiconductors and Other Electronic Components,Scottsdale,Arizona,85250,onsemi.com,"30,050","$8,253","$31,430","$2,184",ON,Hassane El-Khoury
453,ARKO,Specialty Retailers: Other,Richmond,Virginia,23227,arkocorp.com,"13,481","$8,239",$662,$34,ARKO,Arie Kotler
454,Par Pacific Holdings,Petroleum Refining,Houston,Texas,77024,parpacific.com,"1,814","$8,232","$2,199",$729,PARR,William C. Pate
455,APA,"Mining, Crude-Oil Production",Houston,Texas,77056,apacorp.com,"2,271","$8,192","$10,367","$2,855",APA,John J. Christmann Iv
456,Equinix,Real Estate,Redwood City,California,94065,equinix.com,"13,151","$8,188","$78,094",$969,EQIX,Charles Meyers
457,New York Community Bancorp,Commercial Banks,Hicksville,New York,11801,mynycb.com,"8,766","$8,178","$2,569",-$79,NYCB,Joseph M. Otting
458,Foot Locker,Specialty Retailers: Apparel,New York,New York,10001,footlocker.com/corp,"30,591","$8,168","$2,693",-$330,FL,Mary N. Dillon
459,Ingredion,Food Production,Westchester,Illinois,60154,ingredion.com,"11,600","$8,160","$7,666",$643,INGR,James (Jim) Zallie
460,Newell Brands,"Home Equipment, Furnishings",Atlanta,Georgia,30328,newellbrands.com,"24,600","$8,133","$3,334",-$388,NWL,Christopher H. Peterson
461,ABM Industries,Diversified Outsourcing Services,New York,New York,10006,abm.com,"123,000","$8,096","$2,824",$251,ABM,Scott B. Salmirs
462,Securian Financial Group,"Insurance: Life, Health (Stock)",St. Paul,Minnesota,55101,securian.com,"5,565","$8,067",,$227,,Christopher M. Hilger
463,Prologis,Real Estate,San Francisco,California,94111,prologis.com,"2,574","$8,024","$120,460","$3,059",PLD,Hamid R. Moghadam
464,Blackstone,Diversified Financials,New York,New York,10154,blackstone.com,"4,735","$8,023","$93,883","$1,391",BX,Stephen A. Schwarzman
465,Skechers U.S.A.,Apparel,Manhattan Beach,California,90266,skechers.com,"13,550","$8,000","$9,390",$546,SKX,Robert Greenberg
466,Masco,"Home Equipment, Furnishings",Livonia,Michigan,48152,masco.com,"18,000","$7,967","$17,335",$908,MAS,Keith J. Allman
467,Rush Enterprises,"Automotive Retailing, Services",New Braunfels,Texas,78130,rushenterprises.com,"8,449","$7,925","$4,164",$347,RUSHB,W.M. Rush
468,Franklin Resources,Securities,San Mateo,California,94403,franklinresources.com,"9,200","$7,849","$14,802",$883,BEN,Jenny Johnson
469,ODP,Specialty Retailers: Other,Boca Raton,Florida,33496,theodpcorp.com,"20,000","$7,831","$1,943",$139,ODP,Gerry P. Smith
470,American Financial Group,Insurance: Property and Casualty (Stock),Cincinnati,Ohio,45202,afginc.com,"8,500","$7,827","$11,418",$852,AFG,Carl H. Lindner Lll
471,Packaging Corp. of America,"Packaging, Containers",Lake Forest,Illinois,60045,packagingcorp.com,"14,900","$7,802","$17,034",$765,PKG,Mark W. Kowlzan
472,Vulcan Materials,"Building Materials, Glass",Birmingham,Alabama,35242,vulcanmaterials.com,"10,961","$7,782","$36,100",$933,VMC,Thomas Hill
473,Interactive Brokers Group,Securities,Greenwich,Connecticut,6830,interactivebrokers.com,"2,932","$7,776","$47,328",$600,IBKR,Milan Galik
474,Williams-Sonoma,Specialty Retailers: Other,San Francisco,California,94109,williams-sonomainc.com,"15,000","$7,751","$20,358",$950,WSM,Laura J. Alber
475,XPO,Transportation and Logistics,Greenwich,Connecticut,6831,xpo.com,"39,450","$7,744","$14,169",$189,XPO,Mario A. Harik
476,Weyerhaeuser,Forest and Paper Products,Seattle,Washington,98104,weyerhaeuser.com,"9,318","$7,674","$26,201",$839,WY,Devin W. Stockfish
477,Genworth Financial,"Insurance: Life, Health (Stock)",Richmond,Virginia,23230,genworth.com,"2,700","$7,488","$2,826",$76,GNW,Thomas J. Mcinerney
478,CMS Energy,Utilities: Gas and Electric,Jackson,Michigan,49201,cmsenergy.com,"8,356","$7,462","$18,019",$887,CMS,Garrick J. Rochow
479,Science Applications International,Information Technology Services,Reston,Virginia,20190,saic.com,"24,000","$7,444","$6,734",$477,SAIC,Toni Townes-Whitley
480,Jefferies Financial Group,Diversified Financials,New York,New York,10022,jefferies.com,"7,564","$7,441","$9,348",$278,JEF,Richard B. Handler
481,Bath & Body Works,Specialty Retailers: Other,Columbus,Ohio,43230,bbwinc.com,"33,069","$7,429","$11,249",$878,BBWI,Gina R. Boswell
482,Electronic Arts,Entertainment,Redwood City,California,94065,ea.com,"13,400","$7,426","$35,469",$802,EA,Andrew Wilson
483,Taylor Morrison Home,Homebuilders,Scottsdale,Arizona,85251,taylormorrison.com,"2,800","$7,418","$6,617",$769,TMHC,Sheryl D. Palmer
484,Zimmer Biomet Holdings,Medical Products and Equipment,Warsaw,Indiana,46580,zimmerbiomet.com,"18,000","$7,394","$27,117","$1,024",ZBH,Ivan Tornos
485,Clorox,Household and Personal Products,Oakland,California,94612,thecloroxcompany.com,"8,700","$7,389","$19,002",$149,CLX,Linda Rendle
486,Xylem,Industrial Machinery,Washington,District Of Columbia,20003,xylem.com,"23,000","$7,364","$31,246",$609,XYL,Matthew F. Pine
487,Voya Financial,Diversified Financials,New York,New York,10169,voya.com,"9,000","$7,348","$7,511",$625,VOYA,Heather H. Lavallee
488,Fastenal,Wholesalers: Diversified,Winona,Minnesota,55987,fastenal.com,"20,721","$7,347","$44,157","$1,155",FAST,Daniel L. Florness
489,Watsco,Wholesalers: Diversified,Miami,Florida,33133,watsco.com,"7,388","$7,284","$17,061",$536,WSO,Albert H. Nahmad
490,Workday,Computer Software,Pleasanton,California,94588,workday.com,"18,800","$7,259","$72,006","$1,381",WDAY,Carl M. Eschenbach
491,Old Republic International,Insurance: Property and Casualty (Stock),Chicago,Illinois,60601,oldrepublic.com,"9,200","$7,258","$8,464",$599,ORI,Craig R. Smiddy
492,RPM International,Chemicals,Medina,Ohio,44256,rpminc.com,"17,274","$7,256","$15,329",$479,RPM,Frank C. Sullivan
493,UFP Industries,"Building Materials, Glass",Grand Rapids,Michigan,49525,ufpi.com,"15,800","$7,218","$7,569",$514,UFPI,Matthew J. Missad
494,Ameren,Utilities: Gas and Electric,St. Louis,Missouri,63103,ameren.com,"9,372","$7,213","$19,711","$1,152",AEE,Martin J. Lyons Jr.
495,Knight-Swift Transportation Hldgs.,"Trucking, Truck Leasing",Phoenix,Arizona,85027,https://investor.knight-swift.com,"34,550","$7,142","$8,885",$217,KNX,Adam W. Miller
496,Monster Beverage,Beverages,Corona,California,92879,monsterbevcorp.com,"5,629","$7,140","$61,689","$1,631",MNST,Rodney C. Sacks
497,Intuitive Surgical,Medical Products and Equipment,Sunnyvale,California,94086,intuitive.com,"13,676","$7,124","$141,457","$1,798",ISRG,Gary S. Guthart
498,Super Micro Computer,"Computers, Office Equipment",San Jose,California,95131,supermicro.com,"5,126","$7,124","$59,138",$640,SMCI,Charles Liang
499,Concentrix,Information Technology Services,Newark,California,94560,concentrix.com,"440,000","$7,115","$4,342",$314,CNXC,Christopher A. Caldwell
500,O-I Glass,"Packaging, Containers",Perrysburg,Ohio,43551,o-i.com,"23,000","$7,105","$2,549",-$103,OI,Gordon J. Hardie