RANK,COMPANY,HQ CITY,HQ STATE,INDUSTRY,RANK IN INDUSTRY,SCORE OVERALL,SCORE ENVIRONMENTAL CONCERNS,SCORE SOCIAL CONCERNS,SCORE CORPORATE GOVERNANCE CONCERNS
1,Merck,Rahway,NJ,"Health Care, Life Sciences & Pharmaceuticals",1,97.83,95.31,98.28,100.0
2,General Mills,Minneapolis,MN,Retail & Consumer Goods,1,96.85,96.97,100.0,93.66
3,Illumina,San Diego,CA,"Health Care, Life Sciences & Pharmaceuticals",2,92.56,94.35,94.37,89.04
4,Applied Materials,Santa Clara,CA,Technology,1,91.88,94.92,90.5,90.33
5,Tapestry,New York City,NY,Retail & Consumer Goods,2,91.59,91.9,87.33,95.63
6,HP,Palo Alto,CA,Technology,2,91.44,91.18,98.33,84.91
7,Mastercard,Purchase,NY,Financial,1,91.17,95.49,95.57,82.54
8,NVIDIA,Santa Clara,CA,Technology,3,90.35,94.4,90.55,86.2
9,Hewlett Packard Enterprise,Spring,TX,Technology,4,90.28,92.54,83.88,94.52
10,Agilent,Santa Clara,CA,"Health Care, Life Sciences & Pharmaceuticals",3,90.02,89.91,93.84,86.4
11,Avery Dennison,Glendale,CA,Capital Goods,1,89.86,99.33,80.14,90.22
12,Ecolab,St. Paul,MN,Materials & Chemicals,1,89.86,91.99,90.74,86.95
13,Analog Devices,Wilmington,MA,Technology,5,89.82,98.4,71.16,99.98
14,Palo Alto Networks,Santa Clara,CA,Software,1,89.78,85.0,90.99,93.43
15,American Tower,Boston,MA,Media & Telecommunications,1,89.3,96.15,87.29,84.54
16,PayPal,San Jose,CA,Financial,2,89.29,87.95,89.56,90.44
17,The Hartford,Hartford,CT,Financial,3,89.26,81.62,96.76,89.49
18,Keysight,Santa Rosa,CA,Technology,6,89.08,89.37,92.65,85.32
19,Advanced Micro Devices,Santa Clara,CA,Technology,7,89.02,97.49,83.02,86.65
20,Regeneron,Tarrytown,NY,"Health Care, Life Sciences & Pharmaceuticals",4,88.93,87.05,92.88,86.95
21,BorgWarner,Auburn Hills,MI,Automotive & Components,1,88.92,87.95,93.23,85.67
22,Autodesk,San Francisco,CA,Software,2,88.91,84.99,89.22,92.6
23,Danaher,Washington,D.C.,"Health Care, Life Sciences & Pharmaceuticals",5,88.86,87.08,85.24,94.35
24,Ingersoll Rand,Davidson,NC,Capital Goods,2,88.64,91.75,78.51,95.75
25,AMN Healthcare,Dallas,TX,"Health Care, Life Sciences & Pharmaceuticals",6,88.51,88.67,91.83,85.12
26,Lam Research,Fremont,CA,Technology,8,88.44,98.34,83.45,83.64
27,Adobe,San Jose,CA,Software,3,88.39,93.23,85.93,86.11
28,Zurn Elkay Water Solutions,Milwaukee,WI,Capital Goods,3,88.17,94.62,74.6,95.38
29,Qualcomm,San Diego,CA,Technology,9,88.03,90.75,77.82,95.61
30,Ciena,Hanover,MD,Media & Telecommunications,2,87.96,97.42,81.28,85.27
31,Cisco Systems,San Jose,CA,Technology,10,87.86,99.59,78.87,85.23
32,Thermo Fisher Scientific,Waltham,MA,"Health Care, Life Sciences & Pharmaceuticals",7,87.79,90.66,86.84,85.98
33,Visa,San Francisco,CA,Financial,4,87.68,93.08,83.1,86.96
34,T-Mobile,Bellevue,WA,Media & Telecommunications,3,87.64,97.4,83.17,82.45
35,CBRE,Dallas,TX,Real Estate & Housing,1,87.63,89.79,88.15,85.05
36,HNI,Muscatine,IA,Retail & Consumer Goods,3,87.54,91.38,77.92,93.41
37,ManpowerGroup,Milwaukee,WI,Professional Services,1,87.43,90.59,79.24,92.55
38,Infinera,San Jose,CA,Technology,11,87.4,94.21,74.07,94.03
39,Motorola Solutions,Chicago,IL,Technology,12,87.23,89.36,84.8,87.62
40,Xylem,Washington,D.C.,Capital Goods,4,87.17,90.86,86.06,84.67
41,Otis,Farmington,CT,Capital Goods,5,87.13,89.42,78.45,93.6
42,Apple,Cupertino,CA,Technology,13,87.09,95.21,82.1,84.07
43,DXC Technology,Tysons,VA,Professional Services,2,86.89,93.04,69.76,97.96
44,Edgewell Personal Care,Shelton,CT,Retail & Consumer Goods,4,86.87,90.36,72.95,97.39
45,Humana,Louisville,KY,Financial,5,86.49,91.34,86.07,82.14
46,Teradata,San Diego,CA,Software,4,86.42,91.91,71.08,96.38
47,Organon,Jersey City,NJ,"Health Care, Life Sciences & Pharmaceuticals",8,86.41,85.41,92.38,81.52
48,Keurig Dr Pepper,Burlington,MA,Retail & Consumer Goods,5,86.36,93.0,79.29,86.88
49,S&P Global,New York City,NY,Financial,6,86.36,97.28,82.04,79.85
50,General Motors,Detroit,MI,Automotive & Components,2,86.26,87.63,93.67,77.56
51,Cadence,San Jose,CA,Software,5,86.06,91.29,82.3,84.69
52,Juniper Networks,Sunnyvale,CA,Technology,14,85.95,89.3,69.39,99.26
53,Colgate-Palmolive,New York City,NY,Retail & Consumer Goods,6,85.91,94.71,86.69,76.43
54,Kimberly-Clark,Dallas,TX,Retail & Consumer Goods,7,85.86,80.12,86.57,90.99
55,UnitedHealth Group,Minnetonka,MN,"Health Care, Life Sciences & Pharmaceuticals",9,85.83,85.74,96.06,75.78
56,Fifth Third Bank,Cincinnati,OH,Financial,7,85.83,89.32,94.73,73.52
57,Unum Group,Chattanooga,TN,Financial,8,85.8,85.54,93.59,78.35
58,Nasdaq,New York City,NY,Financial,9,85.74,92.19,76.57,88.55
59,Ralph Lauren,New York City,NY,Retail & Consumer Goods,8,85.72,92.72,75.08,89.44
60,Las Vegas Sands,Las Vegas,NV,"Hotels, Dining & Leisure",1,85.56,97.46,79.37,79.94
61,Target,Minneapolis,MN,Retail & Consumer Goods,9,85.52,88.27,85.99,82.38
62,IFF,New York City,NY,Materials & Chemicals,2,85.43,88.07,85.88,82.44
63,Grainger,Lake Forest,IL,Capital Goods,6,85.11,90.35,81.78,83.3
64,Avient,Avon Lake,OH,Materials & Chemicals,3,85.0,88.97,81.49,84.63
65,Estée Lauder Companies,New York City,NY,Retail & Consumer Goods,10,84.99,92.67,94.26,68.15
66,Baxter,Deerfield,IL,"Health Care, Life Sciences & Pharmaceuticals",10,84.98,90.96,91.34,72.72
67,Fluor,Irving,TX,Capital Goods,7,84.86,89.01,77.76,87.9
68,State Street,Boston,MA,Financial,10,84.84,84.8,89.73,80.07
69,Lowe's Companies,Mooresville,NC,Retail & Consumer Goods,11,84.82,88.41,83.47,82.68
70,Dell Technologies,Round Rock,TX,Technology,15,84.78,86.65,79.08,88.7
71,AptarGroup,Crystal Lake,IL,Materials & Chemicals,4,84.78,94.35,81.7,78.38
72,KLA,Milpitas,CA,Technology,16,84.77,95.57,73.68,85.16
73,The Clorox Company,Oakland,CA,Retail & Consumer Goods,12,84.75,85.34,83.9,85.1
74,Lear,Southfield,MI,Automotive & Components,3,84.61,84.37,82.83,86.7
75,Moody's,New York City,NY,Financial,11,84.49,84.07,84.47,85.01
76,Pfizer,New York City,NY,"Health Care, Life Sciences & Pharmaceuticals",11,84.48,84.54,91.45,77.54
77,Prologis,San Francisco,CA,Real Estate & Housing,2,84.46,88.01,89.27,76.18
78,Baker Hughes,Houston,TX,Energy & Utilities,1,84.44,92.42,72.91,88.09
79,Microchip,Chandler,AZ,Technology,17,84.38,92.98,64.23,96.03
80,MetLife,New York City,NY,Financial,12,84.34,89.11,82.59,81.42
81,American Express,New York City,NY,Financial,13,84.31,85.97,82.02,85.02
82,Owens Corning,Toledo,OH,Materials & Chemicals,5,84.28,83.73,84.75,84.45
83,Boston Properties,Boston,MA,Real Estate & Housing,3,84.16,100.0,79.58,72.98
84,Microsoft,Redmond,WA,Software,6,84.14,96.64,68.62,87.27
85,Lumentum,San Jose,CA,Technology,18,84.14,93.88,81.6,77.03
86,Public Service Enterprise Group,Newark,NJ,Energy & Utilities,2,84.07,81.82,89.88,80.58
87,Xerox,Norwalk,CT,Technology,19,84.0,91.87,81.25,78.97
88,Host Hotels & Resorts,Bethesda,MD,Real Estate & Housing,4,83.99,96.69,78.03,77.34
89,Cognizant,Teaneck,NJ,Professional Services,3,83.98,88.54,73.4,90.1
90,Gap,San Francisco,CA,Retail & Consumer Goods,13,83.97,84.18,78.92,88.88
91,Comerica,Dallas,TX,Financial,14,83.96,88.92,89.43,73.63
92,Morningstar,Chicago,IL,Financial,15,83.96,81.79,91.37,78.81
93,SBA,Boca Raton,FL,Media & Telecommunications,4,83.92,84.06,79.31,88.46
94,Equinix,Redwood City,CA,Media & Telecommunications,5,83.85,88.63,86.26,76.75
95,Church & Dwight,Ewing Township,NJ,Retail & Consumer Goods,14,83.77,91.12,73.65,86.63
96,Emerson,St. Louis,MO,Capital Goods,8,83.76,95.02,73.92,82.42
97,M&T Bank,Buffalo,NY,Financial,16,83.73,86.49,88.48,76.31
98,Albemarle,Charlotte,NC,Materials & Chemicals,6,83.68,84.03,88.01,79.08
99,Watts,North Andover,MA,Capital Goods,9,83.66,88.22,67.27,95.57
100,Itron,Liberty Lake,WA,Professional Services,4,83.65,93.14,64.18,93.73
101,FMC,Philadelphia,PA,Materials & Chemicals,7,83.56,90.17,72.45,88.17
102,AGCO,Duluth,GA,Capital Goods,10,83.5,88.89,77.0,84.69
103,Deere,Moline,IL,Capital Goods,11,83.42,92.31,83.21,74.83
104,Prudential,Newark,NJ,Financial,17,83.42,83.34,92.59,74.4
105,Avnet,Phoenix,AZ,Technology,20,83.41,93.8,79.01,77.53
106,Comfort Systems USA,Houston,TX,Capital Goods,12,83.33,86.99,71.07,92.0
107,Elevance Health,Indianapolis,IN,Financial,18,83.29,87.3,88.64,74.01
108,Jabil,St. Petersburg,FL,Technology,21,83.22,91.07,67.55,91.12
109,Regency Centers,Jacksonville,FL,Real Estate & Housing,5,83.19,82.53,86.04,81.09
110,PPG,Pittsburgh,PA,Materials & Chemicals,8,83.19,88.57,82.05,79.03
111,Zoetis,Parsippany,NJ,"Health Care, Life Sciences & Pharmaceuticals",12,83.17,91.65,73.03,84.92
112,Digital Realty,Austin,TX,Real Estate & Housing,6,83.15,90.43,73.63,85.47
113,Koppers,Pittsburgh,PA,Materials & Chemicals,9,83.06,86.48,77.08,85.7
114,Brixmor Property Group,New York City,NY,Real Estate & Housing,7,82.95,83.31,90.38,75.24
115,Intel,Santa Clara,CA,Technology,22,82.84,86.69,81.24,80.67
116,AvalonBay Communities,Arlington,VA,Real Estate & Housing,8,82.83,94.25,81.99,72.36
117,Mondelēz,Chicago,IL,Retail & Consumer Goods,15,82.82,88.43,81.17,78.93
118,Hasbro,Pawtucket,RI,Retail & Consumer Goods,16,82.76,87.99,86.97,73.41
119,Waste Management,Houston,TX,Energy & Utilities,3,82.64,87.0,83.62,77.39
120,EXL,New York City,NY,Professional Services,5,82.61,78.23,77.33,92.35
121,United Rentals,Stamford,CT,Professional Services,6,82.6,81.82,72.55,93.5
122,Bread Financial,Columbus,OH,Financial,19,82.59,89.09,73.44,85.32
123,PVH,New York City,NY,Retail & Consumer Goods,17,82.53,88.33,75.82,83.53
124,Sensata Technologies,Attleboro,MA,Technology,23,82.52,79.79,83.02,84.83
125,Sherwin-Williams,Cleveland,OH,Materials & Chemicals,10,82.51,84.28,77.73,85.6
126,J.M. Smucker,Orrville,OH,Retail & Consumer Goods,18,82.47,90.45,74.31,82.73
127,American Water,Camden,NJ,Energy & Utilities,4,82.44,72.73,87.65,87.0
128,LabCorp,Burlington,NC,"Health Care, Life Sciences & Pharmaceuticals",13,82.24,90.24,83.11,73.46
129,ANSYS,Canonsburg,PA,Software,7,82.2,71.33,83.17,92.17
130,Federal Realty Investment Trust,North Bethesda,MD,Real Estate & Housing,9,82.15,90.85,79.68,76.0
131,Broadcom,San Jose,CA,Technology,24,82.14,88.48,72.08,85.95
132,Texas Instruments,Dallas,TX,Technology,25,82.09,81.26,90.89,74.18
133,Interface,Atlanta,GA,Materials & Chemicals,11,82.04,89.25,64.22,92.72
134,Salesforce,San Francisco,CA,Software,8,82.02,83.22,87.23,75.69
135,Kraft Heinz,Chicago,IL,Retail & Consumer Goods,19,81.97,87.09,76.2,82.7
136,Dana,Maumee,OH,Automotive & Components,4,81.91,89.4,72.98,83.44
137,IBM,Armonk,NY,Technology,26,81.89,77.87,93.17,74.71
138,Kimco Realty,Jericho,NY,Real Estate & Housing,10,81.85,86.42,89.05,70.18
139,Armstrong World Industries,Lancaster,PA,Capital Goods,13,81.85,79.32,77.7,88.6
140,Gartner,Stamford,CT,Professional Services,7,81.84,70.54,84.68,90.36
141,Sempra,San Diego,CA,Energy & Utilities,5,81.79,68.2,94.13,83.11
142,Welltower,Toledo,OH,Real Estate & Housing,11,81.73,92.75,80.46,72.08
143,Best Buy,Richfield,MN,Retail & Consumer Goods,20,81.72,89.7,82.94,72.61
144,Micron,Boise,ID,Technology,27,81.62,73.62,91.59,79.73
145,Enphase,Fremont,CA,Energy & Utilities,6,81.48,85.53,68.16,90.83
146,Littelfuse,Chicago,IL,Technology,28,81.47,92.25,71.95,80.3
147,Stanley Black & Decker,New Britain,CT,Capital Goods,14,81.44,93.57,77.63,73.21
148,Whirlpool,Benton Harbor,MI,Retail & Consumer Goods,21,81.4,86.24,76.45,81.58
149,Hess,New York City,NY,Energy & Utilities,7,81.35,87.68,72.05,84.41
150,Wolfspeed,Durham,NC,Technology,29,81.31,82.44,73.87,87.71
151,Hormel Foods,Austin,MN,Retail & Consumer Goods,22,81.22,90.11,73.08,80.56
152,Dropbox,San Francisco,CA,Technology,30,81.14,87.91,67.95,87.64
153,Alnylam,Cambridge,MA,"Health Care, Life Sciences & Pharmaceuticals",14,81.09,88.75,77.58,77.03
154,AdvanSix,Parsippany,NJ,Materials & Chemicals,12,81.06,73.22,79.97,90.07
*,Dayforce,Minneapolis,MN,Software,*,81.03,92.0,69.9,81.3
155,Leslie's,Phoenix,AZ,Retail & Consumer Goods,23,80.99,86.54,84.18,72.35
156,Iron Mountain,Boston,MA,Software,9,80.98,94.79,77.6,70.66
157,Deckers Outdoor,Goleta,CA,Retail & Consumer Goods,24,80.94,87.1,75.48,80.35
158,Wesco,Pittsburgh,PA,Capital Goods,15,80.94,79.95,79.51,83.45
159,Walt Disney,Burbank,CA,Media & Telecommunications,6,80.92,86.38,77.68,78.78
160,Healthpeak Properties,Denver,CO,Real Estate & Housing,12,80.91,90.59,73.75,78.49
161,NOV,Houston,TX,Energy & Utilities,8,80.88,81.0,76.15,85.56
162,Talos Energy,Houston,TX,Energy & Utilities,9,80.88,83.71,72.91,86.09
163,Hudson Pacific Properties,Los Angeles,CA,Real Estate & Housing,13,80.83,85.97,83.77,72.84
164,Air Products and Chemicals,Allentown,PA,Materials & Chemicals,13,80.76,75.73,89.41,77.22
165,"Essential Utilities, Inc.",Bryn Mawr,PA,Energy & Utilities,10,80.7,82.44,82.49,77.24
166,Workday,Pleasanton,CA,Technology,31,80.65,82.9,76.97,82.15
167,Molson Coors Beverage,Chicago,IL,Retail & Consumer Goods,25,80.57,81.68,80.95,79.17
168,Terex,Norwalk,CT,Capital Goods,16,80.53,73.46,83.0,85.19
169,Williams-Sonoma,San Francisco,CA,Retail & Consumer Goods,26,80.49,81.72,78.05,81.78
170,Ribbon,Plano,TX,Media & Telecommunications,7,80.46,87.17,71.74,82.56
171,CSX,Jacksonville,FL,Transport & Logistics,1,80.37,83.71,78.01,79.47
172,Equity Residential,Chicago,IL,Real Estate & Housing,14,80.36,85.86,78.13,77.18
173,Marriott International,Bethesda,MD,"Hotels, Dining & Leisure",2,80.31,78.44,82.13,80.43
174,Sealed Air,Charlotte,NC,Materials & Chemicals,14,80.26,83.65,73.84,83.38
175,Mattel,El Segundo,CA,Retail & Consumer Goods,27,80.23,82.69,87.84,70.25
176,ServiceNow,Santa Clara,CA,Software,10,80.2,73.78,79.53,87.35
177,LPL Financial,San Diego,CA,Financial,20,80.1,88.93,77.16,74.29
178,Invesco,Atlanta,GA,Financial,21,80.08,88.86,73.75,77.72
179,Dolby,San Francisco,CA,Technology,32,80.07,78.74,76.33,85.23
180,Mettler-Toledo,Columbus,OH,Capital Goods,17,80.04,82.86,71.54,85.8
181,Hilton,McLean,VA,"Hotels, Dining & Leisure",3,80.02,79.4,83.37,77.38
182,Howmet Aerospace,Pittsburgh,PA,Capital Goods,18,80.01,80.29,72.37,87.44
183,Macerich,Santa Monica,CA,Real Estate & Housing,15,79.97,96.56,71.32,72.14
184,Cirrus Logic,Austin,TX,Technology,33,79.9,74.44,70.11,95.24
185,Qurate Retail Group,West Chester,PA,Retail & Consumer Goods,28,79.89,87.55,83.04,69.18
186,Bath & Body Works,Columbus,OH,Retail & Consumer Goods,29,79.88,72.42,87.54,79.75
187,Empire State Realty Trust,New York City,NY,Real Estate & Housing,16,79.88,93.83,60.58,85.31
188,Snap,Santa Monica,CA,Media & Telecommunications,8,79.84,72.03,86.43,81.14
189,Mueller Water Products,Atlanta,GA,Capital Goods,19,79.83,85.78,69.79,84.0
190,McCormick & Company,Hunt Valley,MD,Retail & Consumer Goods,30,79.82,91.63,79.34,68.58
191,Onsemi,Phoenix,AZ,Technology,34,79.78,90.7,63.56,85.17
192,Ball,Westminster,CO,Materials & Chemicals,15,79.78,88.44,83.67,67.3
193,Helen of Troy,El Paso,TX,Retail & Consumer Goods,31,79.76,84.34,68.32,86.7
194,Verizon Communications,New York City,NY,Media & Telecommunications,9,79.72,78.6,81.81,78.83
195,Carter's,Atlanta,GA,Retail & Consumer Goods,32,79.72,85.93,72.71,80.59
196,California Resources,Long Beach,CA,Energy & Utilities,11,79.69,73.04,78.08,88.02
197,The Home Depot,Atlanta,GA,Retail & Consumer Goods,33,79.6,81.49,78.1,79.28
198,Berry Global,Evansville,IN,Materials & Chemicals,16,79.53,88.79,72.99,76.89
199,Sonoco Products,Hartsville,SC,Materials & Chemicals,17,79.53,79.89,74.38,84.39
200,Principal Financial Group,Des Moines,IA,Financial,22,79.52,72.22,89.27,77.16
201,Upwork,Santa Clara,CA,Professional Services,8,79.48,73.98,86.44,78.08
202,Amphenol,Wallingford,CT,Technology,35,79.45,88.16,67.82,82.44
203,Amgen,Thousand Oaks,CA,"Health Care, Life Sciences & Pharmaceuticals",15,79.43,90.25,73.55,74.59
204,Huntington Bancshares,Columbus,OH,Financial,23,79.42,78.32,85.25,74.78
205,Robert Half International,Menlo Park,CA,Professional Services,9,79.41,86.75,67.92,83.66
206,Caleres,St. Louis,MO,Retail & Consumer Goods,34,79.37,75.12,87.78,75.28
207,Superior Industries,Southfield,MI,Automotive & Components,5,79.35,95.49,55.29,87.37
208,EnerSys,Reading,PA,Energy & Utilities,12,79.32,78.73,68.73,90.59
209,Weatherford,Houston,TX,Energy & Utilities,13,79.32,85.31,75.96,76.77
210,Silicon Labs,Austin,TX,Technology,36,79.31,89.49,69.87,78.67
211,Halliburton,Houston,TX,Energy & Utilities,14,79.31,75.5,79.49,83.0
212,Macy's,New York City,NY,Retail & Consumer Goods,35,79.29,84.1,81.01,72.83
213,Carrier,Palm Beach Gardens,FL,Capital Goods,20,79.08,90.68,73.65,73.01
214,J.B. Hunt,Lowell,AZ,Transport & Logistics,2,79.05,89.01,61.74,86.5
215,Harley-Davidson,Milwaukee,WI,Automotive & Components,6,78.99,71.87,76.7,88.47
216,MPLX,Findlay,OH,Energy & Utilities,15,78.97,68.79,81.84,86.34
217,Post,St. Louis,MO,Retail & Consumer Goods,36,78.93,90.4,65.83,80.65
218,DICK'S Sporting Goods,Coraopolis,PA,Retail & Consumer Goods,37,78.92,74.25,83.01,79.58
219,Jones Lang LaSalle,Chicago,IL,Real Estate & Housing,17,78.9,90.02,63.57,83.21
220,Insulet,Acton,MA,"Health Care, Life Sciences & Pharmaceuticals",16,78.9,85.46,73.57,77.76
221,ICF,Fairfax,VA,Professional Services,10,78.87,76.11,79.04,81.54
222,Illinois Tool Works,Glenview,IL,Capital Goods,21,78.82,92.62,74.43,69.49
223,Kroger,Cincinnati,OH,Retail & Consumer Goods,38,78.81,88.99,70.77,76.76
224,Western Digital,San Jose,CA,Technology,37,78.8,90.34,78.13,68.01
225,Voya Financial,New York City,NY,Financial,24,78.79,83.39,71.9,81.17
226,Kadant,Westford,MA,Capital Goods,22,78.77,92.26,53.54,90.62
227,Manitowoc,Milwaukee,WI,Capital Goods,23,78.76,84.92,64.55,86.9
228,Omnicom Group,New York City,NY,Professional Services,11,78.71,71.98,82.89,81.31
229,Ormat Technologies,Reno,NV,Energy & Utilities,16,78.7,77.18,76.12,82.89
230,Carlisle Companies,Scottsdale,AZ,Materials & Chemicals,18,78.67,84.99,66.56,84.55
231,Belden,St. Louis,MO,Capital Goods,24,78.66,77.19,74.16,84.7
232,PNC Financial Services,Pittsburgh,PA,Financial,25,78.66,73.19,86.51,76.34
233,Pitney Bowes,Stamford,CT,Technology,38,78.61,84.36,76.9,74.65
234,Crown Holdings,Philadelphia,PA,Materials & Chemicals,19,78.59,82.32,62.8,90.74
235,United Natural Foods,Providence,RI,Retail & Consumer Goods,39,78.52,79.62,71.1,84.92
236,Kosmos Energy,Dallas,TX,Energy & Utilities,17,78.49,80.75,72.33,82.47
237,Waters,Milford,MA,"Health Care, Life Sciences & Pharmaceuticals",17,78.38,82.7,72.26,80.27
238,JBG Smith,Bethesda,MD,Real Estate & Housing,18,78.33,90.66,66.72,77.69
239,HubSpot,Cambridge,MA,Software,11,78.32,85.47,64.23,85.35
240,Vontier,Raleigh,NC,Capital Goods,25,78.28,72.59,81.34,80.99
241,Bank of New York Mellon,New York City,NY,Financial,26,78.24,85.83,76.12,72.85
242,Greif,Delaware,OH,Materials & Chemicals,20,78.21,76.54,63.53,94.62
243,ONEOK,Tulsa,OK,Energy & Utilities,18,78.19,71.25,86.28,77.1
244,Kennametal,Pittsburgh,PA,Capital Goods,26,78.18,84.29,62.24,88.08
245,Fortive,Everett,WA,Capital Goods,27,78.14,80.52,62.43,91.56
246,Sunstone Hotel Investors,Irvine,CA,Real Estate & Housing,19,78.08,89.49,77.06,67.77
247,Pebblebrook Hotel Trust,Bethesda,MD,"Hotels, Dining & Leisure",4,78.07,87.54,68.9,77.87
248,Vital Energy,Tulsa,OK,Energy & Utilities,19,77.99,74.62,77.46,81.97
249,Foot Locker,New York City,NY,Retail & Consumer Goods,40,77.89,81.35,75.51,76.88
250,USANA Health Sciences,West Valley City,UT,Retail & Consumer Goods,41,77.88,70.47,80.71,82.52
251,Union Pacific,Omaha,NE,Transport & Logistics,3,77.79,71.61,90.16,71.66
252,Spire,St. Louis,MO,Energy & Utilities,20,77.77,76.51,78.22,78.65
253,IPG Photonics,New York City,NY,Capital Goods,28,77.67,81.52,61.79,89.77
254,Caesars Entertainment,Reno,NV,"Hotels, Dining & Leisure",5,77.63,84.55,76.62,71.82
255,Masco,Livonia,MI,Capital Goods,29,77.58,81.95,74.24,76.63
256,Charles River Laboratories,Wilmington,MA,"Health Care, Life Sciences & Pharmaceuticals",18,77.47,78.94,79.17,74.39
257,GE HealthCare Technologies,Chicago,IL,"Health Care, Life Sciences & Pharmaceuticals",19,77.44,81.69,71.1,79.63
258,Fortinet,Sunnyvale,CA,Technology,39,77.44,84.85,51.38,96.18
259,Murphy Oil,Houston,TX,Energy & Utilities,21,77.4,78.42,72.01,81.86
260,Zillow,Seattle,WA,Real Estate & Housing,20,77.4,82.74,75.91,73.63
261,Ryman Hospitality Properties,Nashville,TN,Real Estate & Housing,21,77.4,85.62,77.58,69.08
262,Park Hotels & Resorts,Tysons,VA,Real Estate & Housing,22,77.36,86.18,61.8,84.17
263,Ventas,Chicago,IL,Real Estate & Housing,23,77.34,85.2,71.15,75.75
264,Realty Income,San Diego,CA,Real Estate & Housing,24,77.26,75.93,80.24,75.7
265,Coty,New York City,NY,Retail & Consumer Goods,42,77.26,85.05,73.01,73.81
266,Conagra Brands,Chicago,IL,Retail & Consumer Goods,43,77.26,79.26,83.25,69.34
267,Yum! Brands,Louisville,KY,"Hotels, Dining & Leisure",6,77.22,78.01,75.82,77.91
268,Burlington,Burlington,NJ,Retail & Consumer Goods,44,77.2,83.24,69.8,78.64
269,Synopsys,Mountain View,CA,Software,12,77.19,73.11,69.78,88.76
270,Edwards Lifesciences,Irvine,CA,"Health Care, Life Sciences & Pharmaceuticals",20,77.18,94.11,55.22,82.3
271,Lumen,Monroe,LA,Media & Telecommunications,10,77.18,86.13,72.46,73.02
272,Kimball Electronics,Jasper,IN,Capital Goods,30,77.17,86.39,58.38,86.83
273,Lincoln Financial,Radnor,PA,Financial,27,77.12,84.93,82.72,63.8
274,Ziff Davis,New York City,NY,Media & Telecommunications,11,77.09,73.35,81.47,76.53
275,Vornado Realty Trust,New York City,NY,Real Estate & Housing,25,77.05,86.01,62.28,82.95
276,AAON,Tulsa,OK,Capital Goods,31,76.91,80.92,66.5,83.4
277,Tractor Supply Co.,Brentwood,TN,Retail & Consumer Goods,45,76.87,76.83,78.14,75.7
278,Levi Strauss & Co,San Francisco,CA,Retail & Consumer Goods,46,76.82,86.38,64.41,79.76
279,ABM Industries,New York City,NY,Professional Services,12,76.73,70.52,72.48,87.27
280,Assurant,New York City,NY,Financial,28,76.73,71.05,86.67,72.54
281,The Greenbrier Companies,Lake Oswego,OR,Transport & Logistics,4,76.71,82.47,72.77,74.97
282,Avis Budget Group,Parsippany,NJ,Professional Services,13,76.71,68.91,70.65,90.63
283,Alexandria Real Estate Equities,Pasadena,CA,Real Estate & Housing,26,76.66,86.02,70.33,73.72
284,KeyCorp,Cleveland,OH,Financial,29,76.65,77.25,87.85,64.94
285,Cooper-Standard Holdings,Northville,MI,Automotive & Components,7,76.65,80.21,72.51,77.31
286,VF Corporation,Denver,CO,Retail & Consumer Goods,47,76.62,89.11,67.7,73.14
287,Chart Industries,Ball Ground,GA,Capital Goods,32,76.61,78.46,71.73,79.72
288,Williams Companies,Tulsa,OK,Energy & Utilities,22,76.61,70.39,81.17,78.33
289,Advanced Drainage Systems,Hilliard,OH,Materials & Chemicals,21,76.51,83.24,65.43,80.95
290,Honeywell,Charlotte,NC,Capital Goods,33,76.41,80.93,76.21,72.16
291,Franklin Electric,Fort Wayne,IN,Capital Goods,34,76.38,82.26,69.25,77.71
292,CommScope,Hickory,NC,Technology,40,76.37,88.7,66.52,73.97
293,Oshkosh,Oshkosh,WI,Automotive & Components,8,76.35,81.94,72.84,74.36
294,Monolithic Power Systems,Kirkland,WA,Technology,41,76.35,85.36,76.44,67.32
295,FedEx,Memphis,TN,Transport & Logistics,5,76.32,77.82,78.99,72.24
296,Lincoln Electric,Cleveland,OH,Capital Goods,35,76.28,84.77,68.88,75.26
297,Arista Networks,Santa Clara,CA,Media & Telecommunications,12,76.23,85.83,61.8,81.13
298,Etsy,Brooklyn,NY,Retail & Consumer Goods,48,76.22,71.27,75.98,81.5
299,Columbus McKinnon,Buffalo,NY,Capital Goods,36,76.21,86.45,57.35,84.92
300,Oil States International,Houston,TX,Energy & Utilities,23,76.21,85.22,64.99,78.5
301,Tyson Foods,Springdale,AR,Retail & Consumer Goods,49,76.17,86.1,65.41,77.08
302,ResMed,San Diego,CA,"Health Care, Life Sciences & Pharmaceuticals",21,76.16,86.37,70.31,71.89
303,American Axle & Manufacturing Holdings,Detroit,MI,Automotive & Components,9,76.14,79.49,71.32,77.68
304,QuidelOrtho,San Diego,CA,"Health Care, Life Sciences & Pharmaceuticals",22,76.14,88.76,64.23,75.51
305,Winnebago Industries,Eden Prairie,MN,Automotive & Components,10,76.14,74.78,63.09,90.6
306,Planet Fitness,Hampton,NH,"Hotels, Dining & Leisure",7,76.13,77.86,71.03,79.58
307,Steelcase,Grand Rapids,MI,Retail & Consumer Goods,50,76.13,87.93,77.62,62.92
308,Paramount Group,New York City,NY,Real Estate & Housing,27,76.12,81.35,73.32,73.76
309,LyondellBasell,Houston,TX,Materials & Chemicals,22,76.09,70.0,73.88,84.47
310,Fox Factory,Duluth,GA,Automotive & Components,11,76.09,82.15,68.04,78.16
311,IPG,New York City,NY,Professional Services,14,76.04,72.83,67.85,87.51
312,Hubbell,Shelton,CT,Capital Goods,37,76.01,81.56,63.18,83.37
313,Kelly Services,Troy,MI,Professional Services,15,76.0,66.17,74.83,87.08
314,Intuitive,Sunnyvale,CA,"Health Care, Life Sciences & Pharmaceuticals",23,76.0,65.03,86.28,76.77
315,Capital One,McLean,VA,Financial,30,76.0,75.43,80.81,71.84
316,Quanta,Houston,TX,Energy & Utilities,24,76.0,83.07,64.69,80.32
317,Hologic,Marlborough,MA,"Health Care, Life Sciences & Pharmaceuticals",24,76.0,71.24,81.68,75.14
318,Cabot,Boston,MA,Materials & Chemicals,23,75.98,60.96,73.19,93.85
319,Petco,San Diego,CA,Retail & Consumer Goods,51,75.97,85.18,77.01,65.8
320,Polaris,Medina,MN,Automotive & Components,12,75.94,83.05,63.54,81.32
321,Granite Construction,Watsonville,CA,Capital Goods,38,75.94,67.0,74.98,85.91
322,Intuit,Mountain View,CA,Software,13,75.8,87.14,69.6,70.74
323,Bank of America,Charlotte,NC,Financial,31,75.78,82.42,71.04,73.96
324,Exact Sciences,Madison,WI,"Health Care, Life Sciences & Pharmaceuticals",25,75.78,83.57,75.83,68.02
325,Textron,Providence,RI,Capital Goods,39,75.73,88.28,61.25,77.74
326,Newmont,Denver,CO,Materials & Chemicals,24,75.71,79.73,86.74,60.76
327,Flowserve,Irving,TX,Capital Goods,40,75.69,79.56,65.88,81.7
328,Gen Digital,Tempe,AZ,Media & Telecommunications,13,75.66,92.55,69.21,65.31
329,DiamondRock Hospitality,Bethesda,MD,Real Estate & Housing,28,75.64,88.56,64.73,73.73
330,Eversource Energy,Springfield,MA,Energy & Utilities,25,75.64,80.22,76.62,70.16
331,Varex Imaging,Salt Lake City,UT,"Health Care, Life Sciences & Pharmaceuticals",26,75.64,88.09,59.1,79.81
332,Regal Rexnord,Beloit,WI,Capital Goods,41,75.59,92.68,60.03,74.15
333,Xenia Hotels & Resorts,Orlando,FL,Real Estate & Housing,29,75.58,81.26,65.03,80.52
334,Balchem,Montvale,NJ,Materials & Chemicals,25,75.55,73.72,72.53,80.48
335,Regions Financial,Birmingham,AL,Financial,32,75.52,68.19,83.3,75.15
336,Discover,Riverwoods,IL,Financial,33,75.48,72.76,86.21,67.53
337,General Electric,Boston,MA,Capital Goods,42,75.46,77.65,68.45,80.36
338,TPI Composites,Scottsdale,AZ,Capital Goods,43,75.45,76.66,80.51,69.25
339,First Solar,Tempe,AZ,Energy & Utilities,26,75.42,87.13,73.45,65.75
340,Repligen,Waltham,MA,"Health Care, Life Sciences & Pharmaceuticals",27,75.4,84.59,61.49,80.2
341,Elanco,Greenfield,IN,"Health Care, Life Sciences & Pharmaceuticals",28,75.39,87.15,67.4,71.71
342,iridium,McLean,VA,Media & Telecommunications,14,75.31,82.08,69.75,74.18
343,Essex,San Mateo,CA,Real Estate & Housing,30,75.31,80.67,75.86,69.47
344,The Container Store,Coppell,TX,Retail & Consumer Goods,52,75.27,84.33,73.11,68.45
345,Wabtec,Pittsburgh,PA,Transport & Logistics,6,75.16,78.55,71.89,75.12
346,Sun Communities,Southfield,MI,Real Estate & Housing,31,75.15,81.16,70.32,74.05
347,Acuity Brands,Atlanta,GA,Capital Goods,44,75.15,81.94,61.06,82.52
348,TransUnion,Chicago,IL,Professional Services,16,75.13,76.05,80.11,69.29
349,SPX,Charlotte,NC,Capital Goods,45,75.11,83.88,68.89,72.66
350,C.H. Robinson,Eden Prairie,MN,Transport & Logistics,7,75.11,68.06,79.43,77.92
351,Electronic Arts,Redwood City,CA,Software,14,75.1,79.12,77.12,69.15
352,Visteon,Van Buren Township,MI,Automotive & Components,13,75.06,98.65,53.69,72.92
353,Wabash,Lafayette,IN,Capital Goods,46,75.05,82.74,58.5,83.99
354,Sysco,Houston,TX,Retail & Consumer Goods,53,75.02,70.09,69.8,85.25
355,Pactiv Evergreen,Lake Forest,IL,Materials & Chemicals,26,75.01,79.0,57.46,88.64
356,JPMorgan Chase & Co,New York City,NY,Financial,34,75.01,79.22,71.38,74.5
357,Aramark,Philadelphia,PA,"Hotels, Dining & Leisure",8,74.97,76.15,66.78,82.07
358,Public Storage,Glendale,CA,Real Estate & Housing,32,74.92,80.45,74.95,69.44
359,Herc Holdings,Bonita Springs,FL,Capital Goods,47,74.88,70.98,70.79,82.93
360,Roper Technologies,Sarasota,FL,Technology,42,74.85,77.48,69.18,77.98
361,Helix Energy Solutions,Houston,TX,Energy & Utilities,27,74.85,72.94,75.61,76.08
362,RYAM,Jacksonville,FL,"Health Care, Life Sciences & Pharmaceuticals",29,74.85,76.63,73.3,74.68
363,Performance Food,Richmond,VA,Retail & Consumer Goods,54,74.85,74.69,66.88,83.05
364,COPT Defense Properties,Columbia,MD,Real Estate & Housing,33,74.83,86.45,68.35,69.78
365,GoDaddy,Tempe,AZ,Technology,43,74.81,73.5,76.01,75.0
366,Novanta,Bedford,MA,"Health Care, Life Sciences & Pharmaceuticals",30,74.81,81.38,59.53,83.59
367,The Andersons,Maumee,OH,Materials & Chemicals,27,74.76,80.69,59.87,83.81
368,Spirit AeroSystems,Wichita,KS,Capital Goods,48,74.72,89.08,71.83,63.35
369,Viasat,Carlsbad,CA,Media & Telecommunications,15,74.71,82.08,76.05,66.06
370,Skywork Solutions,Irvine,CA,Technology,44,74.67,80.43,60.38,83.28
371,CMC,Irving,TX,Materials & Chemicals,28,74.66,76.3,64.12,83.64
372,Element Solutions,Fort Lauderdale,FL,Materials & Chemicals,29,74.62,82.58,63.06,78.31
373,FactSet,Norwalk,CT,Technology,45,74.62,68.51,72.72,82.69
374,Vertex Pharmaceuticals,Boston,MA,"Health Care, Life Sciences & Pharmaceuticals",31,74.59,77.25,86.3,60.31
375,Lilly,Indianapolis,IN,"Health Care, Life Sciences & Pharmaceuticals",32,74.57,74.06,78.78,70.93
376,MSA Safety,Cranberry Township,PA,Capital Goods,49,74.51,93.86,58.7,71.08
377,AT&T,Dallas,TX,Media & Telecommunications,16,74.51,89.8,65.85,67.96
378,ArcBest,Fort Smith,AZ,Transport & Logistics,8,74.5,76.4,67.9,79.27
379,Phibro Animal Health,Teaneck,NJ,"Health Care, Life Sciences & Pharmaceuticals",33,74.49,81.3,68.02,74.24
380,Marvell Technology,Wilmington,DE,Technology,46,74.47,86.37,54.41,82.71
381,Medical Properties Trust,Birmingham,AL,Real Estate & Housing,34,74.42,75.58,77.03,70.74
382,Oracle,Austin,TX,Technology,47,74.38,86.31,54.05,82.87
383,Cohu,Poway,CA,Technology,48,74.36,75.61,66.21,81.33
384,Blackbaud,Charleston,SC,Software,15,74.31,72.18,55.55,95.27
385,Corning,Corning,NY,Technology,49,74.3,71.14,78.01,73.82
386,Equity LifeStyle Properties,Chicago,IL,Real Estate & Housing,35,74.24,77.8,63.5,81.49
387,California Water Service Group,San Jose,CA,Energy & Utilities,28,74.18,65.75,79.93,76.94
388,Sprouts Farmers Market,Phoenix,AZ,Retail & Consumer Goods,55,74.18,73.91,67.94,80.77
389,Portland General Electric,Portland,OR,Energy & Utilities,29,74.15,52.11,95.33,75.06
390,NCLH Norwegian Cruise Line Holdings Ltd.,Miami,FL,Transport & Logistics,9,74.13,72.14,70.87,79.44
391,Synchrony Financial,Stamford,CT,Financial,35,74.07,72.81,81.81,67.66
392,CenterPoint Energy,Houston,TX,Energy & Utilities,30,74.07,66.7,80.96,74.6
393,Dun & Bradstreet,Jacksonville,FL,Financial,36,74.05,63.7,80.37,78.15
394,UDR,Highlands Ranch,CO,Real Estate & Housing,36,74.04,84.1,57.22,80.88
395,Henry Schein,Melville,NY,"Health Care, Life Sciences & Pharmaceuticals",34,73.99,60.64,76.51,84.87
396,Donaldson,Bloomington,MN,Capital Goods,50,73.95,77.05,65.3,79.58
397,Gibraltar Industries,Buffalo,NY,Capital Goods,51,73.85,76.45,64.93,80.25
398,Ingevity,North Charleston,SC,Materials & Chemicals,30,73.81,68.85,80.21,72.43
399,Fortune Brands,Deerfield,IL,Retail & Consumer Goods,56,73.8,80.73,69.18,71.56
400,AMH,Calabasas,CA,Real Estate & Housing,37,73.79,65.44,71.97,84.02
401,Simpson Manufacturing Company,Pleasanton,CA,Capital Goods,52,73.69,68.9,78.01,74.24
402,Range Resources,Fort Worth,TX,Energy & Utilities,31,73.69,74.72,64.37,82.06
403,FIS,Jacksonville,FL,Technology,50,73.69,78.93,62.34,79.88
404,Axalta Coating Systems,Glen Mills,PA,Materials & Chemicals,31,73.67,77.36,61.24,82.5
405,Cintas,Cincinnati,OH,Retail & Consumer Goods,57,73.65,77.32,68.82,74.88
406,Fiserv,Milwaukee,WI,Technology,51,73.62,65.75,68.12,87.06
407,U.S. Silica,Katy,TX,Materials & Chemicals,32,73.44,75.71,68.29,76.41
408,PPL,Allentown,PA,Energy & Utilities,32,73.44,70.91,76.69,72.79
409,Matson,Honolulu,HI,Transport & Logistics,10,73.43,61.04,75.83,83.49
410,Alcoa,Pittsburgh,PA,Materials & Chemicals,33,73.4,62.79,80.25,77.23
411,Ashland,Wilmington,DE,Materials & Chemicals,34,73.39,75.89,61.46,82.9
412,Nordson,Westlake,OH,Capital Goods,53,73.37,67.94,78.61,73.63
413,Starbucks,Seattle,WA,"Hotels, Dining & Leisure",9,73.27,62.5,75.21,82.15
414,Green Plains,Omaha,NE,Materials & Chemicals,35,73.26,72.13,71.85,75.88
415,American Vanguard,Newport Beach,CA,Materials & Chemicals,36,73.24,76.7,64.94,78.17
416,Standard Motor Products,Long Island City,NY,Automotive & Components,14,73.22,78.59,67.83,73.32
417,JBT,Chicago,IL,Technology,52,73.2,83.7,70.97,65.01
418,ITT,White Plains,NY,Capital Goods,54,73.19,81.81,63.36,74.5
419,RPM International,Medina,OH,Materials & Chemicals,37,73.15,88.79,65.67,65.08
420,Parker-Hannifin,Cleveland,OH,Capital Goods,55,73.14,77.42,67.65,74.42
421,Hanesbrands,Winston-Salem,NC,Retail & Consumer Goods,58,73.07,95.1,56.38,67.83
422,Ducommun,Costa Mesa,CA,Capital Goods,56,73.07,75.42,63.41,80.44
423,Trimble,Sunnyvale,CA,Technology,53,73.04,70.18,80.0,69.0
424,AECOM,Dallas,TX,Professional Services,57,73.01,66.78,70.95,81.37
425,Knowles,Itasca,IL,Technology,54,73.01,79.93,66.98,72.19
426,axcelis,Beverly,MA,Technology,55,73.01,88.91,61.3,68.89
427,Compass Minerals,Overland Park,KS,Materials & Chemicals,38,73.0,67.01,75.66,76.39
428,F5,Seattle,WA,Technology,56,72.99,70.38,64.81,83.84
429,Brinker International,Dallas,TX,"Hotels, Dining & Leisure",10,72.97,73.07,73.46,72.47
430,Scotts Miracle-Gro,Marysville,OH,Materials & Chemicals,39,72.95,77.76,75.92,65.26
431,LCI Industries,Elkhart,IN,Automotive & Components,15,72.94,67.76,61.21,89.93
432,Darling Ingredients,Irving,TX,Retail & Consumer Goods,59,72.93,72.74,64.18,81.94
433,Travel + Leisure Co.,Orlando,FL,"Hotels, Dining & Leisure",11,72.85,69.9,69.69,79.03
434,Corteva Agriscience,Indianapolis,IN,"Health Care, Life Sciences & Pharmaceuticals",35,72.84,68.03,73.39,77.18
435,Adtalem Global Education,Chicago,IL,Professional Services,17,72.81,74.3,71.79,72.43
436,ConocoPhillips,Houston,TX,Energy & Utilities,33,72.79,83.28,60.03,75.14
437,Booz Allen Hamilton,McLean,VA,Media & Telecommunications,17,72.77,71.86,71.4,75.12
438,Eastman,Kingsport,TN,Materials & Chemicals,40,72.75,58.96,86.99,72.36
439,Devon Energy,Oklahoma City,OK,Energy & Utilities,34,72.73,76.36,61.75,80.14
440,Generac,Waukesha,WI,Energy & Utilities,35,72.7,79.07,66.94,72.17
441,Array Technologies,Albuquerque,NM,Energy & Utilities,36,72.66,69.85,65.62,82.59
442,Marsh McLennan,New York City,NY,Professional Services,18,72.65,75.66,67.86,74.52
443,Southwest Airlines,Dallas,TX,Transport & Logistics,11,72.64,65.64,81.3,71.06
444,Tennant Company,Eden Prairie,MN,Capital Goods,58,72.64,72.34,73.52,72.13
445,Kilroy Realty,Los Angeles,CA,Real Estate & Housing,38,72.58,86.77,61.79,69.27
446,Citizens Financial,Providence,RI,Financial,37,72.54,65.84,80.58,71.26
447,Simon Property Group,Indianapolis,IN,Retail & Consumer Goods,60,72.52,82.45,65.05,70.15
448,H.B. Fuller,St. Paul,MN,Technology,57,72.52,74.47,69.13,74.04
449,AutoZone,Memphis,TN,Automotive & Components,16,72.45,64.95,70.39,82.09
450,Envista,Brea,CA,"Health Care, Life Sciences & Pharmaceuticals",36,72.45,85.31,62.8,69.33
451,Merit Medical Systems,South Jordan,UT,"Health Care, Life Sciences & Pharmaceuticals",37,72.38,77.45,58.14,81.61
452,Allison Transmission,Indianapolis,IN,Capital Goods,59,72.36,73.27,57.18,86.72
453,AZZ,Fort Worth,TX,Capital Goods,60,72.35,76.08,58.95,77.69
454,La-Z-Boy,Monroe,MI,Real Estate & Housing,39,72.33,74.42,72.52,70.13
455,Cboe Global Markets,Chicago,IL,Financial,38,72.33,85.71,64.66,66.7
456,Gates Industrial,Denver,CO,Capital Goods,61,72.25,73.48,63.79,79.57
457,Semtech,Camarillo,CA,Technology,58,72.19,72.05,70.92,73.68
458,Horace Mann Educators,Springfield,IL,Financial,39,72.17,70.76,74.74,71.08
459,Camden Property Trust,Houston,TX,Real Estate & Housing,40,72.08,75.18,67.83,73.31
460,The Allstate,Northbrook,IL,Financial,40,72.07,65.39,82.67,68.21
461,Mid-America Apartment Communities,Memphis,TN,Real Estate & Housing,41,72.05,76.56,58.21,81.46
462,GXO,Greenwich,CT,Transport & Logistics,12,72.04,64.42,68.64,83.12
463,Montrose Environmental,North Little Rock,AR,Professional Services,19,72.03,67.78,72.19,76.18
464,Omega Healthcare Investors,Hunt Valley,MD,Real Estate & Housing,42,72.02,81.41,68.15,66.59
465,KB Home,Los Angeles,CA,Real Estate & Housing,43,71.96,71.35,68.16,76.44
466,Clearwater Paper,Spokane,WA,Materials & Chemicals,41,71.92,75.88,60.01,79.94
467,AES,Arlington,VA,Energy & Utilities,37,71.9,64.01,86.14,65.62
468,Catalent,Somerset,NJ,"Health Care, Life Sciences & Pharmaceuticals",38,71.9,85.11,67.54,63.13
469,The ODP,Boca Raton,FL,Retail & Consumer Goods,61,71.86,60.09,74.22,81.34
470,Dorman Products,Colmar,PA,Automotive & Components,17,71.81,76.3,54.26,84.94
471,Worthington Industries,Columbus,OH,Materials & Chemicals,42,71.77,89.53,49.33,76.55
472,MKS Instruments,Andover,MA,Technology,59,71.77,78.18,69.84,67.37
473,AIG,New York City,NY,Financial,41,71.73,52.55,83.94,78.75
474,Dexcom,San Diego,CA,"Health Care, Life Sciences & Pharmaceuticals",39,71.73,63.86,64.41,86.96
475,Dominion Energy,Richmond,VA,Energy & Utilities,38,71.72,65.33,79.53,70.35
476,Domino's Pizza,Ann Arbor,MI,"Hotels, Dining & Leisure",12,71.69,75.85,70.81,68.49
477,Broadridge,Lake Success,NY,Financial,42,71.59,67.88,73.45,73.51
478,Hecla Mining,Coeur d'Alene,ID,Materials & Chemicals,43,71.56,76.35,63.04,75.36
479,CF Industries Holdings,Deerfield,IL,Materials & Chemicals,44,71.5,50.44,78.5,85.59
480,United Airlines,Chicago,IL,Transport & Logistics,13,71.46,65.47,77.27,71.7
481,United Parcel Service,Atlanta,GA,Transport & Logistics,14,71.33,59.79,83.3,70.97
482,ADM,Chicago,IL,Materials & Chemicals,45,71.31,66.39,58.47,89.15
483,Carpenter Technology,Philadelphia,PA,Materials & Chemicals,45,71.31,82.52,67.24,64.27
484,Hillenbrand,Batesville,IN,Capital Goods,62,71.31,74.24,59.02,80.73
485,APA Corporation,Houston,TX,Energy & Utilities,39,71.3,67.76,69.36,76.84
486,PotlatchDeltic,Spokane,WA,Capital Goods,63,71.29,73.74,69.55,70.64
487,Chegg,Santa Clara,CA,Professional Services,20,71.27,61.34,74.26,78.27
488,Yelp,San Francisco,CA,Media & Telecommunications,18,71.21,55.73,67.37,90.59
489,Automatic Data Processing,Roseland,NJ,Technology,60,71.14,65.48,67.8,80.22
490,GrafTech International,Brooklyn Heights,OH,Capital Goods,64,71.13,75.56,57.51,80.4
491,Cousins Properties,Atlanta,GA,Real Estate & Housing,44,71.12,80.64,61.34,71.46
492,Atkore,Harvey,IL,Capital Goods,65,71.11,73.5,64.61,75.31
493,THOR Industries,Elkhart,IN,Automotive & Components,18,71.11,72.84,56.45,84.12
494,Peabody Energy,St. Louis,MO,Energy & Utilities,40,71.08,62.9,74.61,75.8
495,West Pharmaceutical Services,Exton,PA,"Health Care, Life Sciences & Pharmaceuticals",40,71.07,88.47,56.11,68.73
496,NRG Energy,Houston,TX,Energy & Utilities,41,71.05,67.38,79.8,66.05
497,Endeavour Group,Beverly Hills,CA,Professional Services,21,71.02,76.84,67.54,68.74
498,National Vision,Duluth,GA,Retail & Consumer Goods,62,70.97,64.23,72.56,76.2
499,Qorvo,Greensboro,NC,Technology,61,70.97,80.07,50.63,82.28
500,Summit Materials,Denver,CO,Materials & Chemicals,47,70.92,73.09,69.6,70.16
501,Materion,Mayfield Heights,OH,Technology,62,70.92,82.86,59.38,70.59
502,Movado Group,Paramus,NJ,Retail & Consumer Goods,63,70.9,61.84,72.03,78.89
503,Timken,North Canton,OH,Capital Goods,66,70.87,85.21,56.26,71.24
504,IDEXX Laboratories,Westbrook,ME,"Health Care, Life Sciences & Pharmaceuticals",41,70.86,65.01,75.45,72.17
505,Vistra,Irving,TX,Energy & Utilities,42,70.85,69.49,70.61,72.52
506,Taylor Morrison,Scottsdale,AZ,Real Estate & Housing,45,70.76,55.49,70.35,86.49
507,Ametek,Berwyn,PA,Technology,63,70.71,75.18,58.99,78.03
508,Alamo Group,Seguin,TX,Transport & Logistics,15,70.67,85.62,53.29,73.18
509,SunPower,San Jose,CA,Energy & Utilities,43,70.65,88.78,57.7,65.55
510,Vulcan Materials,Birmingham,AL,Capital Goods,67,70.63,75.74,70.84,65.39
511,Netflix,Los Gatos,CA,Media & Telecommunications,19,70.58,70.86,71.4,69.55
512,Alaska Air,Seattle,WA,Transport & Logistics,16,70.54,57.66,86.0,68.03
513,Triumph,Berwyn,PA,Automotive & Components,19,70.5,86.29,61.49,63.82
514,Toast,Boston,MA,Software,16,70.49,82.2,63.77,65.57
515,Global Payments,Atlanta,GA,Financial,43,70.48,78.13,61.13,72.25
516,Coeur Mining,Chicago,IL,Materials & Chemicals,48,70.45,66.67,78.7,66.07
517,Sensient Technologies,Milwaukee,WI,Materials & Chemicals,49,70.43,75.51,62.34,73.52
518,Ulta Beauty,Bolingbrook,IL,Retail & Consumer Goods,64,70.4,65.95,74.75,70.55
519,Evergy,Kansas City,MO,Energy & Utilities,44,70.38,53.82,85.42,71.95
520,TJX Companies,Framingham,MA,Retail & Consumer Goods,65,70.34,68.29,75.48,67.33
521,Jack Henry & Associates,Monett,MO,Financial,44,70.34,67.39,67.08,76.61
522,Helmerich & Payne,Tulsa,OK,Energy & Utilities,45,70.29,59.85,62.85,88.25
523,ADT,Boca Raton,FL,Professional Services,22,70.29,78.2,53.45,79.29
524,Tradeweb Markets,New York City,NY,Financial,45,70.26,65.55,66.19,79.12
525,Brunswick,Mettawa,IL,Capital Goods,68,70.24,79.45,58.15,73.21
526,Progress Software,Burlington,MA,Software,17,70.23,84.39,53.65,72.73
527,Advance Auto Parts,Raleigh,NC,Automotive & Components,20,70.21,66.93,75.79,67.98
528,Royal Gold,Denver,CO,Energy & Utilities,46,70.17,62.45,70.36,77.77
529,Alliant Energy,Madison,WI,Energy & Utilities,47,70.15,67.66,78.69,64.16
530,Coherent,Saxonburg,PA,Technology,64,69.99,84.47,67.23,58.35
531,The Cheesecake Factory,Calabasas,CA,"Hotels, Dining & Leisure",13,69.98,82.19,60.27,67.58
532,Western Midstream,The Woodlands,TX,Energy & Utilities,48,69.98,48.2,70.33,91.47
533,BWX Technologies,Lynchburg,VA,Capital Goods,69,69.97,69.1,60.08,80.81
534,Papa John's International,Louisville,KY,"Hotels, Dining & Leisure",14,69.97,60.52,74.37,75.07
535,Hawkins,Roseville,MN,Materials & Chemicals,50,69.91,80.23,49.36,80.22
536,MSCI,New York City,NY,Technology,65,69.9,75.24,67.37,67.16
537,Truist,Charlotte,NC,Financial,46,69.81,64.53,79.95,65.02
538,Clearway Energy,Princeton,NJ,Energy & Utilities,49,69.79,77.97,64.51,66.99
539,Kontoor,Greensboro,NC,Retail & Consumer Goods,66,69.74,78.82,51.53,78.96
540,Quest Diagnostics,Secaucus,NJ,"Health Care, Life Sciences & Pharmaceuticals",42,69.72,65.92,76.81,66.51
541,Franklin Resources,San Mateo,CA,Financial,47,69.67,67.28,65.24,76.54
542,Unifi,Greensboro,NC,Materials & Chemicals,51,69.62,74.36,60.87,73.7
543,Amkor Technology,Tempe,AZ,Technology,66,69.6,76.65,63.09,69.12
544,Marriott Vacations Worldwide,Orlando,FL,"Hotels, Dining & Leisure",15,69.58,76.09,53.1,79.63
545,Entegris,Billerica,MA,"Health Care, Life Sciences & Pharmaceuticals",43,69.55,83.41,59.65,65.68
546,Sanmina,San Jose,CA,Technology,67,69.48,72.25,65.29,70.96
547,TreeHouse Foods,Oak Brook,IL,Retail & Consumer Goods,67,69.41,81.69,64.91,61.7
548,TransDigm,Cleveland,OH,Capital Goods,70,69.36,74.46,57.58,76.12
549,Entergy,New Orleans,LA,Energy & Utilities,50,69.34,48.94,85.34,73.78
550,Dentsply Sirona,Charlotte,NC,"Health Care, Life Sciences & Pharmaceuticals",44,69.21,80.15,57.65,69.89
551,Teradyne,North Reading,MA,Technology,68,69.19,77.07,55.97,74.61
552,TimkenSteel,North Canton,OH,Materials & Chemicals,52,69.16,69.51,61.96,76.09
553,News Corp,New York City,NY,Media & Telecommunications,20,69.14,72.07,59.77,75.65
554,AAR,Wood Dale,IL,Transport & Logistics,17,69.14,66.1,56.8,84.57
555,Tyler Technologies,Plano,TX,Software,18,69.12,66.31,64.97,76.13
556,Louisiana-Pacific,Nashville,TN,Capital Goods,71,69.05,65.78,62.45,78.97
557,Snap-on,Kenosha,WI,Capital Goods,72,69.03,82.69,51.79,72.69
558,Quaker Houghton,Conshohocken,PA,Materials & Chemicals,53,68.95,69.19,56.36,81.36
559,Flowers Foods,Thomasville,GA,Retail & Consumer Goods,68,68.88,87.26,50.98,68.48
560,Paramount Global,New York City,NY,Media & Telecommunications,21,68.86,67.04,72.11,67.49
561,Akamai,Cambridge,MA,Media & Telecommunications,22,68.85,62.12,67.48,77.0
562,Old Dominion Freight Line,Thomasville,NC,Transport & Logistics,18,68.83,62.21,72.55,71.79
563,Dollar General,Goodlettsville,TN,Retail & Consumer Goods,69,68.8,69.45,73.3,63.72
564,Constellation Energy,Baltimore,MD,Energy & Utilities,51,68.72,52.97,83.26,69.99
565,Choice Hotels,Rockville,MD,"Hotels, Dining & Leisure",16,68.71,72.93,68.63,64.63
566,Teledyne Technologies,Thousand Oaks,CA,Technology,69,68.7,86.13,55.59,64.45
567,Avanos Medical,Alpharetta,GA,"Health Care, Life Sciences & Pharmaceuticals",45,68.67,71.45,71.26,63.37
568,"CNO Financial Group, Inc.",Carmel,IN,Financial,48,68.56,63.89,73.84,68.01
569,The Children's Place,Secaucus,NJ,Retail & Consumer Goods,70,68.5,81.38,63.75,60.45
570,The Hanover,Worcester,MA,Financial,49,68.43,73.26,62.65,69.46
571,Tronox,Stamford,CT,Materials & Chemicals,54,68.39,62.13,66.0,77.1
572,Arrow Electronics,Centennial,CO,Technology,70,68.35,63.09,71.05,70.99
573,Fastenal,Winona,MN,Retail & Consumer Goods,71,68.33,73.59,60.71,70.75
574,Integra,Princeton,NJ,"Health Care, Life Sciences & Pharmaceuticals",46,68.32,57.49,61.01,86.51
575,Western Union,Denver,CO,Financial,50,68.25,59.14,76.99,68.66
576,American Airlines,Fort Worth,TX,Transport & Logistics,19,68.19,63.12,67.06,74.47
577,Ameriprise Financial,Minneapolis,MN,Financial,51,68.16,68.57,63.5,72.49
578,Frontdoor,Memphis,TN,Real Estate & Housing,46,68.06,47.85,73.48,82.91
579,Universal Display,Ewing,NJ,Technology,71,68.05,77.67,59.18,67.36
580,Graphic Packaging Holding Company,Atlanta,GA,Materials & Chemicals,55,67.98,60.6,63.58,79.81
581,NNN REIT,Orlando,FL,Financial,52,67.94,61.67,70.7,71.5
582,UFP Industries,Grand Rapids,MI,Real Estate & Housing,47,67.93,77.41,44.96,81.5
583,YETI,Austin,TX,Retail & Consumer Goods,72,67.91,65.55,69.37,68.85
584,Boyd,Las Vegas,NV,"Hotels, Dining & Leisure",17,67.86,77.41,53.03,73.21
585,Crane,Stamford,CT,Materials & Chemicals,56,67.82,74.48,69.78,59.28
586,Piedmont,Atlanta,GA,Real Estate & Housing,48,67.81,81.32,44.88,77.32
587,BellRing,St. Louis,MO,Retail & Consumer Goods,73,67.8,68.76,61.88,72.81
588,Applied Industrial Technologies,Cleveland,OH,Capital Goods,73,67.77,61.59,57.27,84.52
589,PACCAR,Bellevue,WA,Transport & Logistics,20,67.75,75.82,55.65,71.85
590,Expeditors International of Washington,Seattle,WA,Transport & Logistics,21,67.57,67.01,66.29,69.47
591,Rogers Corporation,Chandler,AZ,Technology,72,67.55,77.12,56.21,69.4
592,Expro,Houston,TX,Energy & Utilities,52,67.54,77.29,61.52,63.89
593,SJW Group,San Jose,CA,Capital Goods,74,67.5,76.37,62.22,63.98
594,Ally Financial,Detroit,MI,Financial,53,67.26,63.0,67.19,71.66
595,LKQ,Chicago,IL,Retail & Consumer Goods,74,67.26,68.19,64.11,69.54
596,Fossil,Richardson,TX,Retail & Consumer Goods,75,67.26,80.15,50.11,71.59
597,Okta,San Francisco,CA,Software,19,67.12,77.73,63.97,59.74
598,Spectrum Brands,Middleton,WI,Retail & Consumer Goods,76,67.11,66.29,66.85,68.25
599,Modine Manufacturing,Racine,WI,Capital Goods,75,67.09,67.48,55.6,78.25
600,Forward,Greeneville,TN,Transport & Logistics,22,67.07,56.42,59.45,85.4
